Number,English,Chinese
1,Intracranial malignant tumor,颅内恶性肿瘤
2,Malignant tumor of the skull base,颅底恶性肿瘤
3,Bladder tumor postoperative status,"膀胱肿瘤,手术后状态"
4,Postoperative radiotherapy for tumor,肿瘤术后放疗
5,Malignant tumor of the gallbladder,胆囊恶性肿瘤
6,Malignant tumor of the intestine,肠道恶性肿瘤
7,Postoperative chemotherapy for malignant tumor,恶性肿瘤术后化疗
8,Malignant tumor of the liver,肝恶性肿瘤
9,Malignant tumor of the oral cavity,口腔恶性肿瘤
10,Targeted therapy and immunotherapy for malignant tumor,"恶性肿瘤靶向治疗,肿瘤免疫治疗"
11,Chemotherapy for malignant tumor intracranial malignant tumor,"恶性肿瘤化疗,颅内恶性肿瘤"
12,Post-radiotherapy for malignant tumor,恶性肿瘤放疗后
13,Post-radiotherapy and chemotherapy for malignant tumor immunotherapy,"恶性肿瘤放化疗后,肿瘤免疫治疗"
14,Benign tumor of the ovary,卵巢良性肿瘤
15,Malignant tumor of the duodenum,十二指肠恶性肿瘤
16,Postoperative chemotherapy for ovarian cancer,卵巢癌术后化疗
17,Radiotherapy and chemotherapy for malignant tumor,"恶性肿瘤放疗,恶性肿瘤化疗"
18,Postoperative radiotherapy and chemotherapy for malignant tumor,恶性肿瘤术后放化疗后
19,Chemotherapy for malignant tumor esophageal malignant tumor,"恶性肿瘤化疗,食管恶性肿瘤"
20,Postoperative chemotherapy for cholangiocarcinoma,胆管癌术后化疗
21,Radiotherapy and immunotherapy for malignant tumor,"恶性肿瘤放疗,肿瘤免疫治疗"
22,Malignant tumor of the appendix,阑尾恶性肿瘤
23,Bone tumor of the lower limb,下肢骨肿瘤
24,Benign tumor of the tongue root immunotherapy,"舌根良性肿瘤,肿瘤免疫治疗"
25,Chemotherapy for malignant tumor renal malignant tumor,"恶性肿瘤化疗,肾恶性肿瘤"
26,Malignant tumor of the neck,颈部恶性肿瘤
27,Malignant tumor of the cheek,颊恶性肿瘤
28,Post-radiotherapy and chemotherapy for malignant tumor,恶性肿瘤放化疗后
29,Postoperative radiotherapy for malignant tumor,恶性肿瘤术后放疗
30,Malignant tumor of the uterus,子宫恶性肿瘤
31,Chemotherapy and immunotherapy for malignant tumor,"恶性肿瘤化疗,肿瘤免疫治疗"
32,Postoperative immunotherapy for tumor,肿瘤术后免疫治疗
33,Chemotherapy for malignant tumor malignant tumor of the maxillary sinus,"恶性肿瘤化疗,上颌窦恶性肿瘤"
34,Targeted therapy for malignant tumor secondary malignant tumor of the pancreas,"恶性肿瘤靶向治疗,胰腺继发恶性肿瘤"
35,Chemotherapy for malignant tumor benign tumor of the oropharynx,"恶性肿瘤化疗,口咽良性肿瘤"
36,Benign tumor of the acoustic nerve immunotherapy,"听神经良性肿瘤,肿瘤免疫治疗"
37,Malignant tumor of the skin,皮肤恶性肿瘤
38,Malignant tumor of the scrotal skin,阴囊皮肤恶性肿瘤
39,Malignant tumor of the bladder postoperative status,"膀胱恶性肿瘤,手术后状态"
40,Post-chemotherapy for malignant tumor abnormal tumor markers,"恶性肿瘤化疗后,肿瘤标志物异常"
41,Bladder tumor malignant tumor of the ureter,"膀胱肿瘤,输尿管恶性肿瘤"
42,Post-chemotherapy for malignant tumor,恶性肿瘤化疗后
43,Chemotherapy for malignant tumor malignant tumor of the sigmoid colon,"恶性肿瘤化疗,乙状结肠恶性肿瘤"
44,Malignant tumor of the buccal mucosa,颊粘膜恶性肿瘤
45,Malignant tumor of the sigmoid colon,乙状结肠恶性肿瘤
46,Targeted therapy chemotherapy and immunotherapy for malignant tumor,"恶性肿瘤靶向治疗,恶性肿瘤化疗,肿瘤免疫治疗"
47,Targeted therapy for malignant tumor,恶性肿瘤靶向治疗
48,Malignant tumor of the breast,乳腺恶性肿瘤
49,Targeted therapy and radiotherapy for malignant tumor,"恶性肿瘤靶向治疗,恶性肿瘤放疗"
50,Secondary malignant tumor of multiple lymph nodes,多个部位淋巴结继发性恶性肿瘤
51,Malignant tumor of the esophagus,食管恶性肿瘤
52,Malignant tumor of the submandibular gland,颌下腺恶性肿瘤
53,Malignant tumor of the jejunum,空肠恶性肿瘤
54,Immunotherapy for tumor,肿瘤免疫治疗
55,Malignant tumor of the ovary,卵巢恶性肿瘤
56,Malignant tumor of the tongue,舌恶性肿瘤
57,Malignant tumor of the bladder,膀胱恶性肿瘤
58,Chemotherapy for malignant tumor,恶性肿瘤化疗
59,Malignant tumor of the floor of the mouth,口底恶性肿瘤
60,Malignant tumor,恶性肿瘤
61,Chemotherapy for malignant tumor postoperative status,"恶性肿瘤化疗,手术后状态"
62,Adrenal tumor,肾上腺肿瘤
63,Malignant tumor of the kidney,肾恶性肿瘤
64,Malignant tumor of the pelvis,盆腔恶性肿瘤
65,Malignant tumor of the nasal cavity,鼻腔恶性肿瘤
66,Radiotherapy for malignant tumor,恶性肿瘤放疗
67,Pancreatic tumor,胰腺肿瘤
68,Targeted therapy for malignant tumor postoperative status,"恶性肿瘤靶向治疗,手术后状态"
69,Malignant tumor of the peritoneum,腹膜恶性肿瘤
70,Secondary malignant tumor of the liver,肝继发恶性肿瘤
71,Targeted therapy and chemotherapy for malignant tumor,"恶性肿瘤靶向治疗,恶性肿瘤化疗"
72,Malignant tumor of the conjunctiva,结膜恶性肿瘤
73,Malignant tumor of the duodenum and pancreas,"十二指肠恶性肿瘤,胰腺恶性肿瘤"
74,Malignant tumor of the gallbladder abnormal tumor markers,"胆囊恶性肿瘤,肿瘤标志物异常"
75,Chemotherapy for tumor of the ampulla of Vater,壶腹部肿瘤化疗
76,Vulvar tumor,外阴肿瘤
77,Secondary malignant tumor of the liver bone and rectum,"肝继发恶性肿瘤,骨继发恶性肿瘤,直肠恶性肿瘤"
78,Malignant tumor of the cerebellar vermis,小脑蚓部恶性肿瘤
79,Benign tumor of the appendix,阑尾良性肿瘤
80,Intestinal tumor?,肠道肿瘤?
81,Dermatomyositis tumor association to be ruled out,皮肌炎  肿瘤相关性待排
82,Urethrovaginal septum tumor,尿道阴道隔肿瘤
83,Benign tumor of the orbital connective tissue,眶结缔组织良性肿瘤
84,Malignant tumor of the inguinal connective tissue,腹股沟结缔组织恶性肿瘤
85,Malignant tumor of the epiglottis,会厌恶性肿瘤
86,Peripheral nerve tumor of the upper limb,上肢周围神经肿瘤
87,Malignant tumor of the vocal cords,声带恶性肿瘤
88,Benign tumor of the scapula,肩胛骨良性肿瘤
89,Bladder tumor prostate tumor,"膀胱肿瘤,前列腺肿瘤"
90,Benign tumor of the nasal vestibule,鼻前庭良性肿瘤
91,Benign tumor of the supratentorial region,脑幕上良性肿瘤
92,Bilateral pleural effusion high likelihood of tumor involvement,"双侧胸腔积液 肿瘤累及可能性大,双"
93,Benign tumor of the cervical spinal cord,脊髓颈段良性肿瘤
94,Benign tumor of the nasal septum (left hemangioma),鼻中隔良性肿瘤(左，血管瘤)
95,Benign tumor of the nasal skin,鼻部皮肤良性肿瘤
96,Radiotherapy for malignant tumor postoperative status,"恶性肿瘤放疗,手术后状态"
97,Secondary malignant tumor of multiple lymph nodes renal tumor,"多个部位淋巴结继发性恶性肿瘤,肾肿瘤"
98,Malignant tumor of the retromolar area,磨牙后区恶性肿瘤
99,Lung tumor malignant tumor of the cerebellum,"肺肿瘤,小脑恶性肿瘤"
100,Malignant tumor of the middle and lower esophagus,食道中下段恶性肿瘤
101,Benign tumor of the lingual tonsil,舌扁桃体良性肿瘤
102,Benign tumor of the submental region,颏下良性肿瘤
103,Benign tumor of the eyelid skin,眼睑皮肤良性肿瘤
104,Benign tumor of the orbit,眼眶良性肿瘤
105,Benign tumor of the back,背部良性肿瘤
106,Malignant tumor of the long bones of the upper limb,上肢长骨恶性肿瘤
107,Postoperative status (post oral tumor surgery),手术后状态(口腔肿瘤术后)
108,Secondary malignant tumor of the oral cavity,口腔继发恶性肿瘤
109,Malignant tumor of the cervical stump,宫颈残端恶性肿瘤
110,Malignant tumor of the frontotemporal lobe,额颞叶恶性肿瘤
111,Malignant tumor of the right kidney with multiple metastases,右肾恶性肿瘤伴多发转移
112,Postoperative malignant tumor of the sigmoid colon,乙状结肠恶性肿瘤术后
113,Malignant tumor of the cervical spine,颈椎恶性肿瘤
114,Malignant bone tumor,骨恶性肿瘤
115,Benign tumor of the anus,肛门良性肿瘤
116,Malignant tumor of the small intestine,小肠恶性肿瘤
117,Adenocarcinoma of the left upper lung,左上肺腺癌
118,Benign tumor of the cornea,角膜良性肿瘤
119,Benign tumor of the oropharynx,口咽良性肿瘤
120,Benign tumor of the buccal mucosa,颊粘膜良性肿瘤
121,Postoperative pituitary tumor,垂体肿瘤术后
122,Cranial nerve tumor,颅神经肿瘤
123,Malignant tumor of the thoracic esophagus,胸部食管恶性肿瘤
124,Secondary malignant tumor of the supraclavicular and infraclavicular lymph nodes,"锁骨上淋巴结继发恶性肿瘤,锁骨下淋巴结继发恶性肿瘤"
125,,
126,Malignant tumor of the skin of the trunk,躯干皮肤恶性肿瘤
127,Tumor of the sigmoid colon malignant tumor of the rectum,"乙状结肠肿瘤,直肠恶性肿瘤"
128,Postoperative intestinal tumor,肠道肿瘤术后
129,Rectal carcinoid,直肠类癌
130,Postoperative rectal tumor resection,直肠肿瘤切除术后
131,Post-targeted therapy for malignant tumor,恶性肿瘤靶向治疗后
132,Postoperative spinal cord tumor,脊膜肿瘤术后
133,Malignant tumor of the submandibular region,颌下恶性肿瘤
134,Postoperative chemotherapy for duodenal cancer,十二指肠癌术后化疗
135,Antitumor drug-induced cardiomyopathy,抗肿瘤药物性心肌病
136,Malignant tumor of the sigmoid colon malignant tumor of the rectum,"乙状结肠恶性肿瘤,直肠恶性肿瘤"
137,Benign tumor of the zygomatic bone,颧骨良性肿瘤
138,Nasoorbital communicating tumor,鼻眶沟通性肿瘤
139,Soft tissue tumor of the forearm,前臂软组织肿瘤
140,Skin tumor skin tumor,"皮肤肿瘤,皮肤肿瘤"
141,Bladder tumor malignant tumor of the urachus,"膀胱肿瘤,脐尿管恶性肿瘤"
142,Targeted therapy for malignant tumor post-chemotherapy malignant tumor of the lung,"恶性肿瘤靶向治疗,恶性肿瘤化疗后,肺恶性肿瘤"
143,Chemotherapy for malignant tumor malignant tumor of the oropharynx,"恶性肿瘤化疗,口咽恶性肿瘤"
144,Malignant tumor of the lung malignant tumor of the kidney,"肺恶性肿瘤,肾恶性肿瘤"
145,Malignant tumor of the vulva,外阴恶性肿瘤
146,Postoperative adrenal tumor,肾上腺肿瘤术后
147,Bladder tumor malignant tumor of the renal pelvis,"膀胱肿瘤,肾盂恶性肿瘤"
148,Parathyroid tumor?,甲状旁腺肿瘤？
149,Malignant tumor of the cervical spinal cord,脊髓颈段恶性肿瘤
150,Targeted therapy for malignant tumor peritoneal tumor,"恶性肿瘤靶向治疗,腹膜肿瘤"
151,,
152,Malignant tumor of the inner surface of the lower lip,下唇内面恶性肿瘤
153,Benign tumor of the lower limb,下肢良性肿瘤
154,Secondary malignant tumor of the liver secondary malignant tumor of the lymph nodes,"肝继发恶性肿瘤,淋巴结继发恶性肿瘤"
155,Benign tumor of the intrahepatic bile duct,肝内胆管良性肿瘤
156,Malignant tumor of the outer lower lip vermilion border,外下唇口红区恶性肿瘤
157,Benign lipoma-like tumor of the skin and subcutaneous tissue of the trunk,躯干皮肤和皮下组织良性脂肪瘤样肿瘤
158,Malignant tumor of the parotid gland postoperative status,"腮腺恶性肿瘤,手术后状态"
159,Benign tumor of the finger,手指良性肿瘤
160,Malignant tumor of the bladder malignant tumor of the ureter,"膀胱恶性肿瘤,输尿管恶性肿瘤"
161,Benign tumor of the uterus,子宫良性肿瘤
162,Secondary malignant tumor of the ureter secondary malignant tumor of the small intestine secondary malignant tumor of the uterus,"输尿管继发恶性肿瘤,小肠继发恶性肿瘤,子宫继发恶性肿瘤"
163,Benign tumor of the parietal lobe,顶叶良性肿瘤
164,Secondary malignant tumor of the mediastinum,纵隔继发恶性肿瘤
165,Breast tumor; high likelihood of benign mass,乳腺肿瘤;良性肿块可能性大
166,Malignant tumor of the bile duct malignant tumor of the pancreas,"胆管恶性肿瘤,胰腺恶性肿瘤"
167,Malignant tumor of the head,头部恶性肿瘤
168,Duodenal polyp neuroendocrine tumor,十二指肠息肉  神经内分泌肿瘤
169,Mediastinal tumor to be ruled out,纵隔肿瘤待排
170,Radiotherapy for malignant tumor of the buccal mucosa,颊粘膜恶性肿瘤放疗
171,Benign tumor of the lung esophageal mass,"肺良性肿瘤,食管肿物"
172,Malignant tumor of the omentum,网膜恶性肿瘤
173,Malignant tumor of the splenic flexure of the colon,结肠脾曲恶性肿瘤
174,Malignant tumor of the acoustic nerve,听神经恶性肿瘤
175,Malignant tumor of the sweat gland,汗腺恶性肿瘤
176,Malignant tumor of the thalamus,丘脑恶性肿瘤
177,Elevated carcinoembryonic antigen,癌胚抗原升高
178,Malignant tumor of the lung malignant tumor of the liver,"肺恶性肿瘤,肝恶性肿瘤"
179,Tumor of the jejunum tumor of the duodenum,"空肠肿瘤,十二指肠肿瘤"
180,Malignant tumor of the connective and soft tissue of the lower limb,下肢结缔组织和软组织恶性肿瘤
181,Benign tumor of the orbit,眶内良性肿瘤
182,Malignant tumor of the soft palate,软腭恶性肿瘤
183,Benign tumor of the testicle,睾丸良性肿瘤
184,Malignant tumor of the seminal vesicle,精囊恶性肿瘤
185,Endocrine therapy for tumor,肿瘤内分泌治疗
186,Benign lipoma-like tumor of the skin and subcutaneous tissue of the limbs bone tumor of the lower limb,"四肢皮肤和皮下组织良性脂肪瘤样肿瘤,下肢骨肿瘤"
187,Craniopharyngioma postoperative status,"颅咽管肿瘤,手术后状态"
188,Benign tumor of the ear skin,耳皮肤良性肿瘤
189,Gastrointestinal tumor to be ruled out,消化道肿瘤待排
190,Secondary malignant tumor of the bladder malignant tumor of the sigmoid colon,"膀胱继发恶性肿瘤,乙状结肠恶性肿瘤"
191,Chemotherapy for malignant tumor brainstem tumor,"恶性肿瘤化疗,脑干肿瘤"
192,Post-chemotherapy for malignant tumor malignant tumor of the oropharynx,"恶性肿瘤化疗后,口咽恶性肿瘤"
193,Chemotherapy for malignant tumor adrenal tumor,"恶性肿瘤化疗,肾上腺肿瘤"
194,Tumor of the nasal cavity and sinuses,鼻腔鼻窦肿瘤
195,Targeted therapy for malignant tumor malignant tumor of the spinal cord,"恶性肿瘤靶向治疗,脊髓恶性肿瘤"
196,Malignant tumor of the orbit,眶内恶性肿瘤
197,Malignant tumor of the chin,颏部恶性肿瘤
198,Malignant tumor of the bile duct?,胆管恶性肿瘤?
199,Chemotherapy for malignant tumor tumor of the maxilla,"恶性肿瘤化疗,上颌骨肿瘤"
200,Post-radiotherapy for malignant tumor chemotherapy postoperative status,"恶性肿瘤放疗后,恶性肿瘤化疗,手术后状态"
201,Malignant tumor of the lateral floor of the mouth,口底侧部恶性肿瘤
202,Post-radiotherapy for malignant tumor chemotherapy malignant tumor of the perianal skin,"恶性肿瘤放疗后,恶性肿瘤化疗,肛周皮肤恶性肿瘤"
203,Targeted therapy for malignant tumor chemotherapy malignant tumor of the maxillary sinus,"恶性肿瘤靶向治疗,恶性肿瘤化疗,上颌窦恶性肿瘤"
204,Post-radiotherapy for malignant tumor chemotherapy malignant tumor of the cerebellum,"恶性肿瘤放疗后,恶性肿瘤化疗,小脑恶性肿瘤"
205,Targeted therapy for malignant tumor chemotherapy malignant tumor of the brain,"恶性肿瘤靶向治疗,恶性肿瘤化疗,脑恶性肿瘤"
206,Benign tumor of the mandible?,下颌骨良性肿瘤？
207,Tumor of the right jugular foramen area,右颈静脉孔区肿瘤
208,Radiotherapy for malignant tumor pelvic lesion,"恶性肿瘤放疗,盆腔病变"
209,Chemotherapy for malignant tumor malignant tumor of the abdomen,"恶性肿瘤化疗,腹部恶性肿瘤"
210,Radiotherapy for malignant tumor malignant tumor of the brain,"恶性肿瘤放疗,脑恶性肿瘤"
211,Malignant tumor of the penile skin,阴茎皮肤恶性肿瘤
212,Chemotherapy for malignant tumor malignant tumor of the spinal cord,"恶性肿瘤化疗,脊髓恶性肿瘤"
213,Chemotherapy for malignant tumor malignant tumor of the oral cavity,"恶性肿瘤化疗,口腔恶性肿瘤"
214,Malignant tumor of the heart,心脏恶性肿瘤
215,Malignant tumor of the uvula,悬雍垂恶性肿瘤
216,Malignant tumor of the left tongue?,左舌恶性肿瘤？
217,Secondary malignant tumor of the skull base,颅底继发性恶性肿瘤
218,"Targeted therapy for malignant tumors, radiotherapy for malignant tumors, chemotherapy for malignant tumors","恶性肿瘤靶向治疗,恶性肿瘤放疗,恶性肿瘤化疗"
219,Targeted therapy for malignant tumor malignant tumor of the ovary,"恶性肿瘤靶向治疗,卵巢恶性肿瘤"
220,Malignant tumor of the left lower limb,左下肢恶性肿瘤
221,Spinal cord tumor,脊膜肿瘤
222,Post-radiotherapy for malignant tumor chemotherapy malignant tumor of the testicle,"恶性肿瘤放疗后,恶性肿瘤化疗,睾丸恶性肿瘤"
223,Chemotherapy for malignant tumor germ cell tumor of the ovary,"恶性肿瘤化疗,卵巢生殖细胞肿瘤"
224,Bladder tumor ureteral tumor,"膀胱肿瘤,输尿管肿瘤"
225,Benign tumor of the pineal gland,松果体良性肿瘤
226,Radiotherapy for malignant tumor chemotherapy postoperative status,"恶性肿瘤放疗,恶性肿瘤化疗,手术后状态"
227,Malignant tumor of the bile duct malignant tumor of the liver,"胆管恶性肿瘤,肝恶性肿瘤"
228,Benign tumor of the pelvis,盆腔良性肿瘤
229,Liver tumor (hemangioma?) pelvic tumor (ovarian cyst?) abnormal tumor markers,"肝肿瘤(血管瘤?),盆腔肿瘤(卵巢囊肿?),肿瘤标志物异常"
230,Malignant tumor of the pancreas abnormal tumor markers,"胰腺恶性肿瘤,肿瘤标志物异常"
231,Benign tumor of the chest wall,胸壁良性肿瘤
232,Benign tumor of the bladder,膀胱良性肿瘤
233,Post-radiotherapy and chemotherapy for malignant tumor malignant tumor of the laryngopharynx,"恶性肿瘤放化疗后,喉咽恶性肿瘤"
234,Tumor of the supratentorial region,脑幕上肿瘤
235,Malignant tumor of the ileocecal region,回盲部恶性肿瘤
236,Benign tumor of the major salivary gland,大涎腺良性肿瘤
237,Malignant tumor of the tongue (right) right,"舌恶性肿瘤(右),右"
238,Secondary malignant tumor of multiple lymph nodes chemotherapy for malignant tumor,"多个部位淋巴结继发性恶性肿瘤,恶性肿瘤化疗"
239,Paraneoplastic syndrome paraneoplastic syndrome,"副肿瘤综合征,副肿瘤综合征"
240,Malignant tumor of the bladder immunotherapy for tumor,"膀胱恶性肿瘤,肿瘤免疫治疗"
241,Malignant tumor of the trunk,躯干部恶性肿瘤
242,Tumor of the appendix,阑尾肿瘤
243,Benign tumor of the external auditory canal,外耳道良性肿瘤
244,Tumor of the frontal lobe,额叶肿瘤
245,Malignant tumor of the bladder targeted therapy for malignant tumor,"膀胱恶性肿瘤,恶性肿瘤靶向治疗"
246,Chemotherapy for malignant tumor abnormal tumor markers (elevated CEA),"恶性肿瘤化疗,肿瘤标志物异常CEA升高"
247,Metastatic lung cancer,肺转移癌
248,Benign tumor of the glottis,声门良性肿瘤
249,Malignant tumor of the pleura,胸膜恶性肿瘤
250,Malignant tumor of the right tongue,右舌恶性肿瘤
251,Mucinous tumor of the appendix,阑尾粘液性肿瘤
252,Systemic widespread secondary malignant tumors,全身性广泛继发恶性肿瘤
253,Malignant tumor of the meninges,脑膜恶性肿瘤
254,Chemotherapy for malignant tumor postoperative radiotherapy and chemotherapy for malignant tumor malignant tumor of the brain,"恶性肿瘤化疗,恶性肿瘤术后放化疗后,脑恶性肿瘤"
255,Malignant tumor of the thyroid postoperative status,"甲状腺恶性肿瘤,手术后状态"
256,Chemotherapy for malignant tumor intracranial lesion,"恶性肿瘤化疗,颅内病变"
257,Tumor of the descending colon,降结肠肿瘤
258,Malignant tumor of the fallopian tube,输卵管恶性肿瘤
259,Malignant tumor of the left tongue,左舌恶性肿瘤
260,Malignant tumor of the bladder malignant tumor of the kidney,"膀胱恶性肿瘤,肾恶性肿瘤"
261,Malignant tumor of the basal ganglia,基底节恶性肿瘤
262,Malignant tumor of the bladder malignant tumor of the renal pelvis,"膀胱恶性肿瘤,肾盂恶性肿瘤"
263,Post-chemotherapy for malignant tumor malignant tumor of the esophagus,"恶性肿瘤化疗后,食管恶性肿瘤"
264,Intracranial lesion high likelihood of tumor,颅内病变 肿瘤可能性大
265,Postoperative malignant tumor of the tongue,舌恶性肿瘤术后
266,Benign tumor of the skin of the lower limb,下肢皮肤良性肿瘤
267,Malignant tumor of the sigmoid colon tumor of the sigmoid colon,"乙状结肠恶性肿瘤,乙状结肠肿瘤"
268,Postoperative radical surgery for malignant tumor of the sigmoid colon malignant tumor of the sigmoid colon,"乙状结肠恶性肿瘤(根治术后),乙状结肠恶性肿瘤"
269,Secondary malignant tumor of the bone marrow,骨髓继发恶性肿瘤
270,Malignant tumor of the oral mucosa,口腔粘膜恶性肿瘤
271,Malignant tumor of the salivary gland,涎腺恶性肿瘤
272,Bladder tumor renal pelvis tumor,"膀胱肿瘤,肾盂肿瘤"
273,Malignant tumor of the lateral wall of the oropharynx,口咽侧壁恶性肿瘤
274,Benign tumor of the parathyroid gland malignant tumor of the thyroid,"甲状旁腺良性肿瘤,甲状腺恶性肿瘤"
275,Postoperative malignant tumor of the bladder,膀胱恶性肿瘤 手术后
276,Tumor of the right skull base,右侧颅底肿瘤
277,Benign tumor of the connective tissue of the ear,耳部结缔组织良性肿瘤
278,Benign tumor of the face,面部良性肿瘤
279,Tumor of the left adrenal gland,左肾上腺肿瘤
280,Secondary malignant tumor of the spine,脊柱继发恶性肿瘤
281,Benign tumor of the skin of the back,背部皮肤良性肿瘤
282,,
283,Benign tumor of the penis,阴茎良性肿瘤
284,Germ cell tumor of the ovary,卵巢生殖细胞肿瘤
285,Tumor of the jugular foramen area,颈静脉孔区肿瘤
286,Systemic widespread secondary malignant tumors malignant tumor of the rectum and anal canal,"全身性广泛继发恶性肿瘤,直肠肛管恶性肿瘤"
287,Malignant tumor of the esophagus (middle section),食管恶性肿瘤(中段)
288,Postoperative malignant tumor of the right cheek,右颊恶性肿瘤术后
289,Benign tumor of the groin,腹股沟良性肿瘤
290,Malignant tumor of the anterior mediastinum,前纵隔恶性肿瘤
291,Malignant tumor of the gastric antrum and body,胃窦胃体恶性肿瘤
292,Ovarian tumor?,卵巢肿瘤？
293,Malignant tumor of the skin of the shoulder,肩部皮肤恶性肿瘤
294,Malignant tumor of the orbitocranial junction,眶颅沟通性恶性肿瘤
295,Malignant tumor of the gastric body abnormal tumor markers,"胃体恶性肿瘤,肿瘤标志物异常"
296,Malignant tumor of the pulmonary hilum,肺门恶性肿瘤
297,Malignant tumor of the spine,脊柱恶性肿瘤
298,Malignant tumor of the common bile duct?,胆总管恶性肿瘤？
299,,
300,Lung tumor; high likelihood of cancer,肺肿瘤;ca可能性大
301,Lung tumor occipital lobe tumor,"肺肿瘤,枕叶肿瘤"
302,Post-radiotherapy for tumor immunotherapy,"肿瘤放疗后,肿瘤免疫治疗"
303,Acoustic nerve tumor,听神经肿瘤
304,Malignant tumor of the ureter and bladder,输尿管膀胱恶性肿瘤
305,Neuroendocrine tumor of the rectum,直肠神经内分泌肿瘤
306,Secondary malignant tumor of the ureter,输尿管继发恶性肿瘤
307,Secondary malignant tumor of the parotid gland,腮腺继发恶性肿瘤
308,Malignant tumor of the transverse colon,横结肠恶性肿瘤
309,Tumor of the cecum,盲肠肿瘤
310,Malignant tumor of the larynx,喉部恶性肿瘤
311,Secondary malignant tumor of the abdominal cavity,腹腔继发恶性肿瘤
312,Malignant tumor of the external auditory canal,外耳道恶性肿瘤
313,Malignant tumor of the skin of the ear,耳皮肤恶性肿瘤
314,Malignant tumor of the renal ureter,肾输尿管恶性肿瘤
315,Malignant tumor of the sublingual gland,舌下腺恶性肿瘤
316,Secondary malignant tumor of the pelvis,盆腔继发恶性肿瘤
317,Malignant tumor of the undescended testicle,睾丸未降部恶性肿瘤
318,Malignant tumor of the skin of the lower limb,下肢皮肤恶性肿瘤
319,Follow-up examination after surgery for malignant tumor,恶性肿瘤手术后随诊检查
320,Tumor of the urinary system,泌尿系统肿瘤
321,Secondary malignant tumor of the frontal lobe,额叶继发恶性肿瘤
322,Benign tumor of the anal canal,肛管良性肿瘤
323,Metastatic bone cancer,骨转移癌
324,Post-radiotherapy for malignant tumor malignant tumor of the lung,"恶性肿瘤放疗后,肺恶性肿瘤"
325,Benign tumor of the connective tissue of the back,背部结缔组织良性肿瘤
326,Malignant tumor of the axilla,腋窝恶性肿瘤
327,Malignant tumor of the outer lower lip,外下唇恶性肿瘤
328,Malignant tumor of the thoracic spine,胸椎恶性肿瘤
329,Connective tissue tumor of the trunk,躯干结缔组织肿瘤
330,Benign tumor of the colon benign tumor of the cecum,"结肠良性肿瘤,盲肠良性肿瘤"
331,Benign tumor of the scrotal skin,阴囊皮肤良性肿瘤
332,Malignant tumor of the vesicorectal septum,膀胱直肠隔恶性肿瘤
333,Radiotherapy for malignant tumor post-radiotherapy for malignant tumor,"恶性肿瘤放疗,恶性肿瘤放疗后"
334,Benign tumor of the bronchus,支气管良性肿瘤
335,Benign tumor of the brain benign tumor of the glossopharyngeal nerve,"脑良性肿瘤,舌咽神经良性肿瘤"
336,Tumor of the sellar region,鞍区肿瘤
337,Benign tumor of the sigmoid colon tumor of the sigmoid colon,"乙状结肠良性肿瘤,乙状结肠肿瘤"
338,Metastatic brain cancer,脑转移癌
339,Postoperative chemotherapy for malignant tumor immunotherapy,"恶性肿瘤术后化疗,肿瘤免疫治疗"
340,Post-radiotherapy for malignant tumor postoperative chemotherapy for malignant tumor,"恶性肿瘤放疗后,恶性肿瘤术后化疗"
341,Radiotherapy for malignant tumor maintenance chemotherapy immunotherapy,"恶性肿瘤放疗,恶性肿瘤维持性化疗,肿瘤免疫治疗"
342,Benign tumor of the sacrum,骶骨良性肿瘤
343,Malignant tumor of the parietal lobe,顶叶恶性肿瘤
344,Benign tumor of the sphenoid sinus,蝶窦良性肿瘤
345,Malignant tumor of the bladder malignant tumor of the lung,"膀胱恶性肿瘤,肺恶性肿瘤"
346,Peripheral nerve tumor of the head face and neck,头面颈部周围神经肿瘤
347,Radiotherapy for malignant tumor postoperative chemotherapy for malignant tumor,"恶性肿瘤放疗,恶性肿瘤术后化疗"
348,Broad ligament myoma? Ovarian tumor to be ruled out,阔韧带肌瘤?卵巢肿瘤待排
349,Lung tumor sigmoid colon tumor,"肺肿瘤,乙状结肠肿瘤"
350,Terminal stage chemotherapy for malignant tumor,恶性肿瘤终末期化疗
351,Malignant tumor of the frontoparietal lobe,额顶叶恶性肿瘤
352,Targeted therapy for malignant tumor postoperative chemotherapy for malignant tumor,"恶性肿瘤靶向治疗,手术后恶性肿瘤化疗"
353,Secondary malignant tumor of the bone secondary malignant tumor of the brain,"骨继发恶性肿瘤,脑继发恶性肿瘤"
354,Malignant tumor of the sigmoid colon benign tumor of the rectum,"乙状结肠恶性肿瘤,直肠良性肿瘤"
355,Pancreatic mass; inflammation? Tumor?,胰腺肿物;炎症?肿瘤?
356,Malignant tumor of the left floor of the mouth,左口底恶性肿瘤
357,Post-radiotherapy and chemotherapy for malignant tumor maintenance chemotherapy immunotherapy,"恶性肿瘤放化疗后,恶性肿瘤维持性化疗,肿瘤免疫治疗"
358,Benign tumor of the brain benign tumor of the acoustic nerve,"脑良性肿瘤,听神经良性肿瘤"
359,Follow-up examination after combined treatment for malignant tumor,恶性肿瘤联合治疗后随诊检查
360,Chemotherapy for malignant tumor secondary malignant tumor of the pancreas,"恶性肿瘤化疗,胰腺继发恶性肿瘤"
361,Malignant tumor of the abdomen abnormal tumor markers,"腹部恶性肿瘤,肿瘤标志物异常"
362,,
363,Benign tumor of the atrium,心房良性肿瘤
364,Post-chemotherapy for malignant tumor malignant tumor of the abdominal cavity,"恶性肿瘤化疗后,腹腔恶性肿瘤"
365,Benign tumor of the thoracic cavity,胸腔良性肿瘤
366,Targeted therapy for malignant tumor secondary malignant tumor of the peritoneum,"恶性肿瘤靶向治疗,腹膜继发恶性肿瘤"
367,Ovarian tumor? nature of pelvic mass undetermined,"卵巢肿瘤？,盆腔包块性质待定"
368,Malignant tumor of the thyroid benign tumor of the thyroid,"甲状腺恶性肿瘤,甲状腺良性肿瘤"
369,Malignant tumor of the upper lobe of the lung,肺上叶恶性肿瘤
370,Benign tumor of the transverse colon benign tumor of the descending colon,"横结肠良性肿瘤,降结肠良性肿瘤"
371,Benign tumor at the rectosigmoid junction,直肠乙状结肠连接处良性肿瘤
372,Targeted therapy for malignant tumor benign tumor of the parotid gland,"恶性肿瘤靶向治疗,腮腺良性肿瘤"
373,Benign tumor of the pelvis,盆骨良性肿瘤
374,Malignant tumor of the renal pelvis?,肾盂恶性肿瘤？
375,Secondary malignant tumor of the liver secondary malignant tumor of the bone,"肝继发恶性肿瘤,骨继发恶性肿瘤"
376,Preoperative chemotherapy for malignant tumor immunotherapy,"恶性肿瘤术前化疗,肿瘤免疫治疗"
377,Malignant tumor of the accessory breast,副乳腺恶性肿瘤
378,Malignant tumor of the nasolabial groove,鼻唇沟恶性肿瘤
379,Radiotherapy for malignant tumor postoperative chemotherapy for malignant tumor,"恶性肿瘤放疗,手术后恶性肿瘤化疗"
380,Malignant tumor of the hip bone,髋骨恶性肿瘤
381,Secondary malignant tumor of the subclavian lymph nodes secondary malignant tumor of the pleura,"锁骨下淋巴结继发恶性肿瘤,胸膜继发恶性肿瘤"
382,Radiotherapy for malignant tumor postoperative radiotherapy for malignant tumor,"恶性肿瘤放疗,恶性肿瘤术后放疗"
383,Benign tumor of the ileum,回肠良性肿瘤
384,,
385,Malignant tumor of the tibia,胫骨恶性肿瘤
386,Post-chemotherapy for malignant tumor malignant tumor of the parotid gland,"恶性肿瘤化疗后,腮腺恶性肿瘤"
387,Tumor of the sigmoid colon?,乙状结肠肿瘤？
388,Malignant tumor of the male breast,男性乳腺恶性肿瘤
389,Radiotherapy for malignant tumor maintenance chemotherapy,"恶性肿瘤放疗,恶性肿瘤维持性化疗"
390,Malignant tumor of the spine intradural tumor,"脊柱恶性肿瘤,椎管内肿瘤"
391,Skin tumor of the upper limb,上肢皮肤肿瘤
392,Malignant tumor of the lung gastrointestinal tumor,"肺恶性肿瘤,消化道肿瘤"
393,Malignant tumor of the lung intracranial malignant tumor,"肺恶性肿瘤,颅内恶性肿瘤"
394,Benign tumor of the ascending colon tumor of the ascending colon,"升结肠良性肿瘤,升结肠肿瘤"
395,Malignant tumor of the liver (mucinous cystadenocarcinoma),肝恶性肿瘤(粘液性囊腺癌)
396,Benign tumor of the transverse colon benign tumor of the colon benign tumor of the sigmoid colon benign tumor of the rectum,"横结肠良性肿瘤,结肠良性肿瘤,乙状结肠良性肿瘤,直肠良性肿瘤"
397,Benign tumor of the rib? malignant tumor of the prostate,"肋骨良性肿瘤？,前列腺恶性肿瘤"
398,Tumor of the cervix?,子宫颈肿瘤？
399,Secondary malignant tumor of the duodenum abnormal tumor markers,"十二指肠继发恶性肿瘤,肿瘤标志物异常"
400,Post-chemotherapy for malignant tumor postoperative radiotherapy for malignant tumor,"恶性肿瘤化疗后,恶性肿瘤术后放疗后"
401,Preoperative immunotherapy for malignant tumor,恶性肿瘤术前免疫治疗
402,Post-chemotherapy for malignant tumor malignant tumor of the sigmoid colon,"恶性肿瘤化疗后,乙状结肠恶性肿瘤"
403,Targeted therapy for malignant tumor malignant tumor of the intrahepatic bile ducts,"恶性肿瘤靶向治疗,肝内胆管恶性肿瘤"
404,Preoperative chemotherapy for malignant bone tumor,骨恶性肿瘤术前化疗
405,Benign tumor of the cervix,宫颈良性肿瘤
406,Malignant tumor of the mesentery,肠系膜恶性肿瘤
407,Malignant tumor of the lung?,肺恶性肿瘤?
408,Malignant tumor of the gastric fundus pancreatic tumor,"胃底恶性肿瘤,胰腺肿瘤"
409,Tumor of the colon abnormal tumor markers,"结肠肿瘤,肿瘤标志物异常"
410,Malignant tumor of the gallbladder malignant tumor of the inferior vena cava,"胆囊恶性肿瘤,下腔静脉恶性肿瘤"
411,Benign tumor of the jejunum,空肠良性肿瘤
412,Malignant tumor of the mesentery malignant tumor of the small intestine,"肠系膜恶性肿瘤,小肠恶性肿瘤"
413,Secondary malignant tumor of the skull,颅骨继发恶性肿瘤
414,Maintenance chemotherapy for malignant tumor malignant tumor of the lung,"恶性肿瘤维持性化疗,肺恶性肿瘤"
415,Maintenance chemotherapy for malignant tumor paraneoplastic syndrome,"恶性肿瘤维持性化疗,副肿瘤综合征"
416,Postoperative status,手术后状态
417,Lung lesion,肺病变
418,Chemotherapy for malignant tumor benign tumor of the ovary,"恶性肿瘤化疗,卵巢良性肿瘤"
419,Targeted therapy for malignant tumor skin infection,"恶性肿瘤靶向治疗,皮肤感染"
420,Radiotherapy for malignant tumor chemotherapy adrenal tumor,"恶性肿瘤放疗,恶性肿瘤化疗,肾上腺肿瘤"
421,Post-radiotherapy for malignant tumor immunotherapy,"恶性肿瘤放疗后,肿瘤免疫治疗"
422,Chemotherapy for malignant tumor tumor of the esophagus,"恶性肿瘤化疗,食管肿瘤"
423,Gestational trophoblastic disease,妊娠滋养细胞病
424,Targeted therapy for malignant tumor malignant tumor of the ureter,"恶性肿瘤靶向治疗,输尿管恶性肿瘤"
425,Tumor of the urethra postoperative status,"尿道肿瘤,手术后状态"
426,Radiotherapy for malignant tumor chemotherapy parotid gland tumor,"恶性肿瘤放疗,恶性肿瘤化疗,腮腺肿瘤"
427,Primary liver cancer,原发性肝癌
428,Tumor of the abdominal cavity malignant tumor of the ovary,"腹腔肿瘤,卵巢恶性肿瘤"
429,Postoperative chemotherapy for malignant tumor intracranial malignant tumor,"恶性肿瘤术后化疗,颅内恶性肿瘤"
430,Paraneoplastic syndrome to be ruled out,副肿瘤综合征待排
431,Secondary malignant tumor of the tongue,舌继发恶性肿瘤
432,Malignant tumor of the intrahepatic bile ducts malignant tumor of the pancreas,"肝内胆管恶性肿瘤,胰腺恶性肿瘤"
433,Postoperative immunotherapy for malignant tumor,恶性肿瘤术后免疫治疗
434,Malignant tumor of the pancreas immunotherapy,"胰腺恶性肿瘤,肿瘤免疫治疗"
435,Malignant tumor of the renal pelvis and bladder malignant tumor of the renal pelvis,"肾盂膀胱恶性肿瘤,肾盂恶性肿瘤"
436,Malignant tumor of the abdominal cavity liver tumor,"腹腔恶性肿瘤,肝肿瘤"
437,Radiotherapy for malignant tumor malignant tumor of the skull base,"恶性肿瘤放疗,颅底恶性肿瘤"
438,Postoperative radiotherapy for laryngopharyngeal cancer,喉咽癌术后放疗
439,Targeted therapy for malignant tumor chemotherapy malignant tumor of the oropharynx,"恶性肿瘤靶向治疗,恶性肿瘤化疗,口咽恶性肿瘤"
440,Benign tumor of the larynx benign tumor of the vocal cords,"喉良性肿瘤,声带良性肿瘤"
441,Malignant tumor of the ileum ileum tumor,"回肠恶性肿瘤,回肠肿瘤"
442,Targeted therapy for malignant tumor malignant tumor of the esophagus,"恶性肿瘤靶向治疗,食管恶性肿瘤"
443,Secondary malignant tumor of the brain,大脑继发恶性肿瘤
444,Benign tumor of the nasal cavity benign tumor of the sinuses,"鼻腔良性肿瘤,鼻窦良性肿瘤"
445,Benign tumor of the colon cecum tumor,"结肠良性肿瘤,盲肠肿瘤"
446,Benign tumor of the small intestine,小肠良性肿瘤
447,Malignant tumor of the bladder benign tumor of the transverse colon,"膀胱恶性肿瘤,横结肠良性肿瘤"
448,Pelvic tumor abnormal tumor markers,"盆腔肿瘤,肿瘤标志物异常"
449,Retroperitoneal tumor on the left,左腹膜后肿瘤
450,Benign tumor of the metacarpal bone,掌骨良性肿瘤
451,Benign tumor of the fibula,腓骨良性肿瘤
452,,
453,Malignant tumor of the bladder malignant tumor of the urethra,"膀胱恶性肿瘤,尿道恶性肿瘤"
454,Benign tumor of the submandibular area,颌下区良性肿瘤
455,Postoperative right breast cancer,右乳腺癌术后
456,,
457,Maintenance chemotherapy for malignant tumor malignant tumor of the esophagus,"恶性肿瘤维持性化疗,食管恶性肿瘤"
458,Malignant tumor of the carotid body,颈动脉体恶性肿瘤
459,Post-radiotherapy for malignant tumor maintenance chemotherapy,"恶性肿瘤放疗后,恶性肿瘤维持性化疗"
460,Tumor?,肿瘤？
461,Benign tumor of the stomach stomach tumor,"胃良性肿瘤,胃肿瘤"
462,Secondary malignant tumor of the meninges,脑膜继发恶性肿瘤
463,Preoperative chemotherapy for malignant tumor abnormal tumor markers,"恶性肿瘤术前化疗,肿瘤标志物异常"
464,Benign tumor of the cecum benign tumor of the sigmoid colon,"盲肠良性肿瘤,乙状结肠良性肿瘤"
465,Benign tumor of the central nervous system,中枢神经系统良性肿瘤
466,Metastatic cancer of the pelvis,盆腔转移性癌
467,Malignant tumor of the retrobulbar tissue,眼球后组织恶性肿瘤
468,Benign nerve tumor of the retroperitoneum,腹膜后神经良性肿瘤
469,Malignant tumor of the nasal cavity postoperative status,"鼻腔恶性肿瘤,手术后状态"
470,Malignant tumor of the digestive tract,消化道恶性肿瘤
471,Preoperative chemotherapy for malignant tumor,恶性肿瘤术前化疗
472,Tumor of the posterior mediastinum,后纵膈肿瘤
473,Chemotherapy for malignant bone tumor,骨恶性肿瘤化疗
474,Malignant tumor of the upper left gingiva,左上牙龈恶性肿瘤
475,Chemotherapy for malignant tumor malignant tumor of the orbit,"恶性肿瘤化疗,眼眶恶性肿瘤"
476,Malignant tumor of the perineum,会阴部恶性肿瘤
477,Tumor of the urethra,尿道肿瘤
478,Bile duct cancer,胆管癌
479,Peripheral nerve tumor of the trunk,躯干周围神经肿瘤
480,Post-radiotherapy and chemotherapy for malignant tumor necrotizing fasciitis,"恶性肿瘤放化疗后,坏死性筋膜炎"
481,Pelvic tumor (high likelihood of mature teratoma of the left ovary),盆腔肿瘤(左侧卵巢成熟型畸胎瘤可能性大)
482,Malignant tumor of the penis and scrotum,阴茎阴囊恶性肿瘤
483,Facial tumor?,面部肿瘤?
484,Targeted therapy radiotherapy and chemotherapy for malignant tumor malignant tumor of the sigmoid colon,"恶性肿瘤靶向治疗,恶性肿瘤放疗,恶性肿瘤化疗,乙状结肠恶性肿瘤"
485,Multicentric malignant tumor of the colon,结肠多源性恶性肿瘤
486,Targeted therapy radiotherapy and chemotherapy for malignant tumor malignant tumor of the tongue,"恶性肿瘤靶向治疗,恶性肿瘤放疗,恶性肿瘤化疗,舌恶性肿瘤"
487,Malignant tumor at the ureteropelvic junction,肾盂输尿管连接处恶性肿瘤
488,Post-radiotherapy for malignant tumor chemotherapy parotid gland tumor,"恶性肿瘤放疗后,恶性肿瘤化疗,腮腺肿瘤"
489,Secondary malignant tumor of the spinal meninges intradural tumor,"脊膜继发恶性肿瘤,椎管内肿瘤"
490,Chemotherapy for malignant tumor postoperative radiotherapy and chemotherapy for malignant tumor,"恶性肿瘤化疗,恶性肿瘤术后放化疗后"
491,Secondary malignant tumor of the retroperitoneum,腹膜后继发恶性肿瘤
492,Malignant tumor of the esophagus postoperative status,"食管恶性肿瘤,手术后状态"
493,Radiotherapy for malignant tumor benign tumor of the tongue root immunotherapy,"恶性肿瘤放疗,舌根良性肿瘤,肿瘤免疫治疗"
494,Malignant tumor of the bladder postoperative chemotherapy for malignant tumor postoperative status,"膀胱恶性肿瘤,恶性肿瘤术后化疗后,手术后状态"
495,Radiotherapy for malignant tumor skin tumor,"恶性肿瘤放疗,皮肤肿瘤"
496,Malignant tumor of the right cheek,右颊恶性肿瘤
497,Gestational trophoblastic tumor,妊娠滋养细胞肿瘤
498,Immunotherapy for tumor immunotherapy,"肿瘤免疫治疗,肿瘤免疫治疗"
499,Post-chemotherapy for malignant tumor postoperative status,"恶性肿瘤化疗后,手术后状态"
500,Metastatic cancer of the pleura,胸膜转移癌
501,Malignant tumor of the craniopharyngeal canal,颅咽管恶性肿瘤
502,Benign tumor of the brachial plexus,臂丛神经良性肿瘤
503,Benign tumor of the common bile duct,胆总管良性肿瘤
504,Benign tumor of the upper limb,上肢良性肿瘤
505,Secondary malignant tumor of the intestinal lymph nodes malignant tumor of the small intestine,"肠周淋巴结继发恶性肿瘤,小肠恶性肿瘤"
506,Malignant tumor of the tongue (right),舌恶性肿瘤(右)
507,Occipital lobe tumor,枕叶肿瘤
508,Thyroid tumor postoperative status,"甲状腺肿瘤,手术后状态"
509,Malignant tumor of the hard palate,硬腭恶性肿瘤
510,Pregnancy complicated by malignant tumor,妊娠合并恶性肿瘤
511,Radiotherapy for malignant tumor of the liver,肝恶性肿瘤放疗
512,Skin tumor postoperative status,"皮肤肿瘤,手术后状态"
513,,
514,Malignant tumor of the ventricles,脑室恶性肿瘤
515,Malignant tumor of the suprasellar region,鞍上区恶性肿瘤
516,Tumor of the ascending colon tumor of the sigmoid colon,"升结肠肿瘤,乙状结肠肿瘤"
517,Benign tumor of the round ligament of the uterus,子宫圆韧带良性肿瘤
518,Secondary malignant tumor of the peritoneum secondary malignant tumor of the liver,"腹膜继发恶性肿瘤,肝继发恶性肿瘤"
519,Benign tumor of the pleura,胸膜良性肿瘤
520,Malignant tumor of the tongue (right)?,舌恶性肿瘤(右舌)？
521,Secondary malignant tumor of the cheek,颊继发恶性肿瘤
522,Malignant tumor of the piriform fossa,梨状窝恶性肿瘤
523,Elevated tumor markers,肿瘤标记物升高
524,Malignant tumor of the pharynx,咽恶性肿瘤
525,Paraneoplastic cerebellar ataxia,副肿瘤性小脑共济失调
526,Secondary malignant tumor of the lung secondary malignant tumor of the abdominal cavity,"肺继发恶性肿瘤,腹腔继发恶性肿瘤"
527,Secondary malignant tumor of the greater omentum malignant tumor of the peritoneum malignant tumor of the abdominal cavity,"大网膜继发恶性肿瘤,腹膜恶性肿瘤,腹腔恶性肿瘤"
528,Retroperitoneal tumor postoperative status,"腹膜后肿瘤,手术后状态"
529,Malignant tumor of the abdominal cavity malignant tumor of the colon malignant tumor of the adrenal gland,"腹腔恶性肿瘤,结肠恶性肿瘤,肾上腺恶性肿瘤"
530,Chemotherapy for malignant tumor malignant tumor of the skin,"恶性肿瘤化疗,皮肤恶性肿瘤"
531,Chemotherapy for malignant tumor tumor of the ventricles,"恶性肿瘤化疗,脑室肿瘤"
532,Targeted therapy for malignant tumor postoperative immunotherapy,"恶性肿瘤靶向治疗,肿瘤术后免疫治疗"
533,Targeted therapy for malignant tumor malignant tumor of the lung,"恶性肿瘤靶向治疗,肺恶性肿瘤"
534,Malignant tumor of the bladder renal pelvis tumor,"膀胱恶性肿瘤,肾盂肿瘤"
535,Malignant tumor of the bile duct lung tumor,"胆管恶性肿瘤,肺肿瘤"
536,Malignant tumor of the left mandible,左下颌骨恶性肿瘤
537,Maintenance chemotherapy for malignant tumor,恶性肿瘤维持性化疗
538,Benign tumor of the trachea,气管良性肿瘤
539,Benign tumor of the femur,股骨良性肿瘤
540,Malignant tumor of the left tongue,舌恶性肿瘤左
541,Maintenance chemotherapy for malignant tumor immunotherapy,"恶性肿瘤维持性化疗,肿瘤免疫治疗"
542,Malignant tumor of the lung malignant tumor of the brain,"肺恶性肿瘤,脑恶性肿瘤"
543,Targeted therapy for malignant tumor maintenance chemotherapy immunotherapy,"恶性肿瘤靶向治疗,恶性肿瘤维持性化疗,肿瘤免疫治疗"
544,Malignant tumor of the foreskin,包皮恶性肿瘤
545,Postoperative chemotherapy for malignant tumor,手术后恶性肿瘤化疗
546,Malignant tumor of the body of the pancreas,胰体恶性肿瘤
547,Targeted therapy for malignant tumor maintenance chemotherapy,"恶性肿瘤靶向治疗,恶性肿瘤维持性化疗"
548,Targeted therapy for malignant tumor preoperative chemotherapy,"恶性肿瘤靶向治疗,恶性肿瘤术前化疗"
549,Chemotherapy for malignant tumor postoperative radiotherapy and chemotherapy for malignant tumor intracranial malignant tumor,"恶性肿瘤化疗,恶性肿瘤术后放化疗后,颅内恶性肿瘤"
550,Benign tumor of the craniopharyngeal canal benign tumor of the brain,"颅咽管良性肿瘤,脑良性肿瘤"
551,Malignant tumor of the ampulla of Vater,法特壶腹恶性肿瘤
552,Chemotherapy for malignant tumor pancreatic tumor,"恶性肿瘤化疗,胰腺肿瘤"
553,Secondary malignant tumor of the cerebellum,小脑继发恶性肿瘤
554,Targeted therapy radiotherapy and maintenance chemotherapy for malignant tumor,"恶性肿瘤靶向治疗,恶性肿瘤放疗,恶性肿瘤维持性化疗"
555,Peripheral nerve tumor (left) left,"周围神经肿瘤(左),左"
556,Malignant tumor of the submental region,颏下恶性肿瘤
557,Secondary malignant tumor of the small intestine,小肠继发恶性肿瘤
558,Malignant tumor of the bladder (invading from rectal cancer) malignant tumor of the cervix,"膀胱恶性肿瘤(直肠癌侵犯),宫颈恶性肿瘤"
559,Benign tumor of the sigmoid colon malignant tumor of the rectum,"乙状结肠良性肿瘤,直肠恶性肿瘤"
560,Benign tumor of the hepatic flexure of the colon,结肠肝曲良性肿瘤
561,Malignant tumor of the temporoparietooccipital lobe,颞顶枕叶恶性肿瘤
562,Post-chemotherapy for malignant tumor maintenance chemotherapy,"恶性肿瘤化疗后,恶性肿瘤维持性化疗"
563,Benign tumor of the humerus,肱骨良性肿瘤
564,Peripheral nerve tumor,周围神经肿瘤
565,Malignant tumor of the esophagus immunotherapy,"食管恶性肿瘤,肿瘤免疫治疗"
566,Postoperative status after partial small intestine resection for retroperitoneal tumor,腹膜后肿瘤部分小肠切除术后
567,Malignant tumor of the thyroid immunotherapy,"甲状腺恶性肿瘤,肿瘤免疫治疗"
568,Rectal cancer,直肠癌
569,Secondary malignant tumor of the prostate,前列腺继发恶性肿瘤
570,,
571,Postoperative status of malignant tumor of the lower abdominal wall,腹壁下恶性肿瘤术后
572,Secondary malignant tumor of the gallbladder postoperative status,"胆囊继发恶性肿瘤,手术后状态"
573,Benign tumor of the acoustic nerve post-radiotherapy,"听神经良性肿瘤,肿瘤放疗后"
574,Malignant tumor of the hepatic ducts,肝管恶性肿瘤
575,Parathyroid tumor (possible),甲状旁腺肿瘤(可能)
576,Malignant tumor of the carotid body?,颈动脉体恶性肿瘤?
577,Bladder tumor postoperative status (after bladder tumor resection),"膀胱肿瘤,手术后状态(膀胱肿瘤电切术后)"
578,Chemotherapy for malignant tumor malignant tumor of the upper limb,"恶性肿瘤化疗,上肢恶性肿瘤"
579,Chemotherapy for malignant tumor malignant tumor of the trachea,"恶性肿瘤化疗,气管恶性肿瘤"
580,Secondary malignant tumor of the thyroid,甲状腺继发恶性肿瘤
581,Postoperative radiotherapy for malignant bone tumor postoperative status,"骨恶性肿瘤术后放疗,手术后状态"
582,Malignant tumor of the lung?,肺恶性肿瘤？
583,Chemotherapy for malignant tumor post-radiotherapy for malignant tumor malignant tumor of the cerebellum,"恶性肿瘤化疗,恶性肿瘤术后放疗后,小脑恶性肿瘤"
584,Chemotherapy for malignant tumor postoperative radiotherapy and chemotherapy for malignant tumor tumor of the spine,"恶性肿瘤化疗,恶性肿瘤术后放化疗后,脊柱肿瘤"
585,Superficial tumor,体表肿瘤
586,Malignant tumor of the pancreatic tail,胰尾恶性肿瘤
587,Tonsil tumor,扁桃体肿瘤
588,Malignant tumor of the jugular foramen area,颈静脉孔区恶性肿瘤
589,Follow-up examination after chemotherapy for malignant tumor,恶性肿瘤化学治疗后随诊检查
590,Post-radiotherapy for malignant tumor chemotherapy intracranial malignant tumor,"恶性肿瘤放疗后,恶性肿瘤化疗,颅内恶性肿瘤"
591,Endometrial cancer,子宫内膜癌
592,Intracranial tumor,颅内肿瘤
593,Secondary malignant tumor of the breast,乳腺继发恶性肿瘤
594,Blastic plasmacytoid dendritic cell tumor,母细胞性浆细胞样树突状细胞肿瘤
595,Postoperative status after radical surgery for malignant tumor of the renal pelvis,肾盂恶性肿瘤根治术术后
596,Secondary malignant tumor of the rectum,直肠继发恶性肿瘤
597,Soft tissue tumor of the upper limb soft tissue tumor of the upper limb,"上肢软组织肿瘤,上肢软组织肿瘤"
598,Chemotherapy for malignant tumor malignant tumor of the ureter,"恶性肿瘤化疗,输尿管恶性肿瘤"
599,Tumor of the buttocks,臀部肿瘤
600,Chemotherapy for malignant tumor malignant tumor of the mediastinum,"恶性肿瘤化疗,纵隔恶性肿瘤"
601,Postoperative radiotherapy for malignant tumor,恶性肿瘤术后放疗后
602,Benign tumor of the larynx,喉良性肿瘤
603,Benign tumor of the skull base postoperative status,"颅底良性肿瘤,手术后状态"
604,Tumor of the ventricles,脑室肿瘤
605,Gastric tumor,胃肿瘤
606,Benign tumor of the ethmoid sinus,筛窦良性肿瘤
607,Benign tumor of the pituitary gland,垂体良性肿瘤
608,Targeted therapy radiotherapy and chemotherapy for malignant tumor,"恶性肿瘤靶向治疗,恶性肿瘤放疗,恶性肿瘤化疗"
609,Postoperative radiotherapy for malignant tumor postoperative chemotherapy for malignant tumor,"恶性肿瘤术后放疗,恶性肿瘤术后化疗"
610,Tumor of the renal pelvis,肾盂肿瘤
611,Benign tumor of the vocal cords,声带良性肿瘤
612,Left lower lung nodule metastatic or primary lung tumor to be ruled out,左下肺结节，转移瘤或肺原发肿瘤待排
613,Malignant tumor of the testicle,睾丸恶性肿瘤
614,Tumor of the ureter,输尿管肿瘤
615,Benign tumor of the rib,肋骨良性肿瘤
616,Malignant tumor of the parotid gland,腮腺恶性肿瘤
617,Post-radiotherapy for malignant tumor post-chemotherapy for malignant tumor,"恶性肿瘤放疗后,恶性肿瘤化疗后"
618,Benign tumor of the colon benign tumor of the stomach,"结肠良性肿瘤,胃良性肿瘤"
619,Malignant tumor of the temporal bone,颞骨恶性肿瘤
620,Thoracic cavity tumor,胸腔肿瘤
621,Malignant tumor of the tonsil,扁桃体恶性肿瘤
622,Tumor of the small intestine,小肠肿瘤
623,Benign tumor of the perineum,会阴部良性肿瘤
624,Tumor of the cardia,贲门肿瘤
625,Benign tumor of the cerebellum,小脑良性肿瘤
626,Benign tumor of the tonsil,扁桃体良性肿瘤
627,Paraneoplastic syndrome malignant tumor of the ovary,"副肿瘤综合征,卵巢恶性肿瘤"
628,Tumor,肿瘤
629,Malignant tumor of the gastric antrum,胃窦恶性肿瘤
630,Benign tumor of the gallbladder,胆囊良性肿瘤
631,Targeted therapy for malignant tumor malignant tumor of the abdominal cavity,"恶性肿瘤靶向治疗,腹腔恶性肿瘤"
632,Secondary malignant tumor of the neck,颈部继发性恶性肿瘤
633,Malignant tumor of the tongue root,舌根恶性肿瘤
634,Tumor of the intestines,肠肿瘤
635,Tumor of the skull,颅骨肿瘤
636,Benign tumor of the sigmoid colon benign tumor of the rectum,"乙状结肠良性肿瘤,直肠良性肿瘤"
637,Soft tissue tumor of the lower limb,下肢软组织肿瘤
638,Secondary malignant tumor of the cervical lymph nodes,颈部淋巴结继发恶性肿瘤
639,Tumor of the ascending colon,升结肠肿瘤
640,Benign tumor of the trigeminal nerve,三叉神经良性肿瘤
641,Brain tumor,脑肿瘤
642,Central nervous system tumor,中枢神经系统肿瘤
643,Abdominal wall tumor,腹壁肿瘤
644,Malignant tumor of the lower gingiva,下牙龈恶性肿瘤
645,Digestive tract tumor,消化道肿瘤
646,Benign skin tumor,皮肤良性肿瘤
647,Facial tumor,面部肿瘤
648,Radiotherapy for malignant brain tumor,脑恶性肿瘤放疗
649,Benign tumor of the nasal septum,鼻中隔良性肿瘤
650,Dermatomyositis associated with tumor,肿瘤相关性皮肌炎
651,Malignant tumor of the pharynx and larynx,咽喉恶性肿瘤
652,Tumor of the sigmoid colon,乙状结肠肿瘤
653,Benign tumor of the jugular foramen area,颈静脉孔区良性肿瘤
654,Malignant tumor of the trachea,气管恶性肿瘤
655,Tumor of the gallbladder,胆囊肿瘤
656,Pregnancy complicated by cervical tumor,妊娠合并宫颈肿瘤
657,Secondary malignant bone tumor,骨继发恶性肿瘤
658,Pituitary tumor,垂体肿瘤
659,Targeted therapy for malignant tumor malignant tumor of the oral cavity,"恶性肿瘤靶向治疗,口腔恶性肿瘤"
660,Post-radiotherapy for tumor,肿瘤放疗后
661,Benign tumor of the ascending colon benign tumor of the sigmoid colon,"升结肠良性肿瘤,乙状结肠良性肿瘤"
662,Bone tumor,骨肿瘤
663,Benign tumor of the frontal sinus,额窦良性肿瘤
664,Malignant tumor of the common bile duct,胆总管恶性肿瘤
665,Benign tumor of the oral cavity,口腔良性肿瘤
666,Benign tumor of the ileocecal region,回盲部良性肿瘤
667,Malignant tumor of the intrahepatic bile ducts,肝内胆管恶性肿瘤
668,Benign tumor of the glossopharyngeal nerve,舌咽神经良性肿瘤
669,Benign tumor of the esophagus,食管良性肿瘤
670,Kidney tumor,肾肿瘤
671,Malignant tumor of the lip,唇恶性肿瘤
672,Benign tumor of the scalp,头皮良性肿瘤
673,Malignant tumor of the perianal skin,肛周皮肤恶性肿瘤
674,Benign tumor of the peripheral and autonomic nerves of the trunk,躯干周围神经和自主神经良性肿瘤
675,Craniopharyngeal tumor,颅咽管肿瘤
676,Suspicious malignant tumor of the prostate under observation,可疑前列腺恶性肿瘤观察
677,Tumor of the ampulla,壶腹部肿瘤
678,Ovarian tumor malignant tumor of the sigmoid colon abnormal tumor markers,"卵巢肿瘤,乙状结肠恶性肿瘤,肿瘤标志物异常"
679,Pineal tumor,松果体肿瘤
680,Benign tumor of the transverse colon benign tumor of the ascending colon,"横结肠良性肿瘤,升结肠良性肿瘤"
681,Malignant tumor of the sacrococcygeal region,骶尾部恶性肿瘤
682,Radiotherapy for malignant tumor malignant tumor of the groin,"恶性肿瘤放疗,腹股沟恶性肿瘤"
683,Benign lung tumor,肺良性肿瘤
684,Carotid body tumor,颈动脉体肿瘤
685,Benign tumor of the mandible,下颌骨良性肿瘤
686,Post-radiotherapy for malignant tumor malignant tumor of the skull base,"恶性肿瘤放疗后,颅底恶性肿瘤"
687,Retroperitoneal malignant tumor,腹膜后恶性肿瘤
688,Benign tumor of the transverse colon benign tumor of the sigmoid colon,"横结肠良性肿瘤,乙状结肠良性肿瘤"
689,Colon cancer,结肠癌
690,Retroperitoneal benign tumor,腹膜后良性肿瘤
691,Chemotherapy for malignant tumor malignant tumor of the pancreas,"恶性肿瘤化疗,胰腺恶性肿瘤"
692,Benign tumor of the descending colon benign tumor of the sigmoid colon,"降结肠良性肿瘤,乙状结肠良性肿瘤"
693,Benign tumor of the broad ligament of the uterus,子宫阔韧带良性肿瘤
694,Tumor of the tongue root,舌根肿瘤
695,Skin tumor of the head face and neck,头面颈部皮肤肿瘤
696,Jugular glomus tumor,颈静脉球肿瘤
697,Secondary malignant tumor of the lymph nodes,淋巴结继发恶性肿瘤
698,Benign tumor of the lateral ventricles,侧脑室良性肿瘤
699,Tumor of the rectosigmoid junction,直肠乙状结肠交界处肿瘤
700,Benign tumor of the peripheral and autonomic nerves of the upper limb,上肢周围神经和自主神经良性肿瘤
701,Secondary malignant tumor of the spinal meninges,脊膜继发恶性肿瘤
702,Postoperative chemotherapy for malignant tumor,恶性肿瘤术后化疗后
703,Malignant tumor of the penis,阴茎恶性肿瘤
704,Peritoneal tumor abdominal cavity tumor,"腹膜肿瘤,腹腔肿瘤"
705,Malignant tumor of the thymus,胸腺恶性肿瘤
706,Malignant tumor of the bile ducts,胆道恶性肿瘤
707,Malignant tumor of the femur,股骨恶性肿瘤
708,Benign tumor of the ileocecal region benign tumor of the sigmoid colon,"回盲部良性肿瘤,乙状结肠良性肿瘤"
709,Malignant tumor of the lower limb,下肢恶性肿瘤
710,Post-radiotherapy and chemotherapy for malignant tumor benign tumor of the oropharynx,"恶性肿瘤放化疗后,口咽良性肿瘤"
711,Bladder tumor investigation for hematuria,"膀胱肿瘤,血尿查因"
712,Benign tumor of the stomach,胃良性肿瘤
713,Malignant tumor of the abdomen,腹部恶性肿瘤
714,Primary bronchogenic lung cancer,原发性支气管肺癌
715,Bladder tumor postoperative status after bladder tumor resection,"膀胱肿瘤,膀胱肿瘤电切术后"
716,Benign tumor of the spinal meninges,脊膜良性肿瘤
717,Malignant tumor of the ascending colon,升结肠恶性肿瘤
718,Postoperative recovery phase for malignant tumor,恶性肿瘤术后恢复期
719,Benign tumor of the scrotum,阴囊良性肿瘤
720,Chronic myeloproliferative tumor,慢性骨髓增殖性肿瘤
721,Benign tumor of the hypopharynx,喉咽良性肿瘤
722,Cerebellar tumor,小脑肿瘤
723,Malignant tumor of the hypopharyngeal wall,下咽壁恶性肿瘤
724,Neck tumor,颈部肿瘤
725,Malignant tumor of the chest wall,胸壁恶性肿瘤
726,Malignant tumor of the spinal meninges,脊膜恶性肿瘤
727,Radiotherapy for malignant tumor malignant tumor of the cheek,"恶性肿瘤放疗,颊恶性肿瘤"
728,Secondary malignant tumor of the abdominal cavity secondary malignant tumor of the pelvic cavity,"腹腔继发恶性肿瘤,盆腔继发恶性肿瘤"
729,Benign tumor of the uvula,悬雍垂良性肿瘤
730,Chemotherapy for lung cancer,肺癌化疗
731,Targeted therapy for malignant tumor mediastinal tumor,"恶性肿瘤靶向治疗,纵隔肿瘤"
732,Secondary malignant tumor of the pelvic lymph nodes,盆腔淋巴结继发性恶性肿瘤
733,Targeted therapy for malignant tumor post-radiotherapy and chemotherapy,"恶性肿瘤靶向治疗,恶性肿瘤放化疗后"
734,Targeted therapy for malignant tumor secondary malignant tumor of the lung,"恶性肿瘤靶向治疗,肺继发恶性肿瘤"
735,Tumor of the laryngopharynx,喉咽肿瘤
736,Intraspinal tumor,椎管内肿瘤
737,Benign tumor of the parotid gland,腮腺良性肿瘤
738,Benign tumor of the spleen,脾良性肿瘤
739,Colon tumor,结肠肿瘤
740,Malignant tumor of the prostate,前列腺恶性肿瘤
741,Postoperative radiotherapy for tumor,肿瘤术后放疗后
742,Benign tumor of the skull base,颅底良性肿瘤
743,Benign tumor of the ascending colon,升结肠良性肿瘤
744,Malignant tumor of the cardia,贲门恶性肿瘤
745,Benign tumor of the rectum,直肠良性肿瘤
746,Benign tumor of the transverse colon benign tumor of the hepatic flexure of the colon,"横结肠良性肿瘤,结肠肝曲良性肿瘤"
747,Benign tumor of the paranasal sinus,鼻窦良性肿瘤
748,Benign tumor of the duodenum,十二指肠良性肿瘤
749,Malignant tumor of the buttocks,臀部恶性肿瘤
750,Benign tumor of the tongue root,舌根良性肿瘤
751,Parathyroid tumor,甲状旁腺肿瘤
752,Soft tissue tumor of the trunk,躯干软组织肿瘤
753,Tumor of the transverse colon,横结肠肿瘤
754,Benign tumor of the tongue,舌良性肿瘤
755,Tumor lysis syndrome,肿瘤溶解综合征
756,Post-chemotherapy for malignant tumor immunotherapy,"恶性肿瘤化疗后,肿瘤免疫治疗"
757,Malignant tumor of the pancreas,胰腺恶性肿瘤
758,Gastric cancer,胃癌
759,Benign brain tumor,脑良性肿瘤
760,Malignant tumor of the oropharynx,口咽恶性肿瘤
761,Malignant tumor of the sellar region,蝶鞍区恶性肿瘤
762,Benign tumor of the pancreas,胰良性肿瘤
763,Benign tumor of the descending colon benign tumor of the colon,"降结肠良性肿瘤,结肠良性肿瘤"
764,Bile duct tumor,胆管肿瘤
765,Maxillary tumor,上颌骨肿瘤
766,Malignant tumor of the sigmoid colon abnormal tumor markers,"乙状结肠恶性肿瘤,肿瘤标志物异常"
767,Bladder tumor,膀胱肿瘤
768,Benign tumor of the maxillary sinus,上颌窦良性肿瘤
769,Duodenal tumor,十二指肠肿瘤
770,Malignant tumor of the upper limb,上肢恶性肿瘤
771,Retroperitoneal tumor,腹膜后肿瘤
772,Malignant lung tumor,肺恶性肿瘤
773,Skull base tumor,颅底肿瘤
774,Benign tumor of the sigmoid colon,乙状结肠良性肿瘤
775,Benign tumor of the floor of the mouth,口底良性肿瘤
776,Abdominal cavity tumor,腹腔肿瘤
777,Benign breast tumor,乳腺良性肿瘤
778,Malignant tumor of the thyroid,甲状腺恶性肿瘤
779,Benign tumor of the nasal cavity,鼻腔良性肿瘤
780,Malignant tumor of the rectum,直肠恶性肿瘤
781,Malignant tumor around the ampulla,壶腹周围恶性肿瘤
782,Secondary malignant tumor of the peritoneum,腹膜继发恶性肿瘤
783,Benign thymus tumor,胸腺良性肿瘤
784,Benign tumor of the perianal skin,肛周皮肤良性肿瘤
785,Malignant tumor of the pancreatic head,胰头恶性肿瘤
786,Benign tumor of the colon,结肠良性肿瘤
787,Benign tumor of the frontal bone,额骨良性肿瘤
788,Benign tumor of the adrenal gland,肾上腺良性肿瘤
789,Paraneoplastic syndrome,副肿瘤综合征
790,Thymus tumor,胸腺肿瘤
791,Pelvic tumor,盆腔肿瘤
792,Malignant tumor of the ureter,输尿管恶性肿瘤
793,Malignant brain tumor,脑恶性肿瘤
794,Benign tumor of the intestine,肠良性肿瘤
795,Secondary malignant tumor of the colon,结肠继发恶性肿瘤
796,Benign tumor of the descending colon,降结肠良性肿瘤
797,Paraneoplastic syndrome malignant tumor of the sigmoid colon,"副肿瘤综合征,乙状结肠恶性肿瘤"
798,Benign tumor of the transverse colon,横结肠良性肿瘤
799,Ovarian tumor,卵巢肿瘤
800,Testicular tumor,睾丸肿瘤
801,Breast tumor,乳腺肿瘤
802,Soft tissue tumor of the upper limb,上肢软组织肿瘤
803,Malignant tumor of the palate,腭部恶性肿瘤
804,Malignant tumor of the bile ducts,胆管恶性肿瘤
805,Skin tumor,皮肤肿瘤
806,Benign tumor of the epiglottic vallecula,会厌谷良性肿瘤
807,Mediastinal tumor,纵隔肿瘤
808,Spinal tumor,脊柱肿瘤
809,Benign tumor of the palate,腭部良性肿瘤
810,Malignant tumor of the renal pelvis,肾盂恶性肿瘤
811,Targeted therapy for malignant tumor postoperative radiotherapy,"恶性肿瘤靶向治疗,恶性肿瘤术后放疗"
812,Follow-up examination after malignant tumor treatment,恶性肿瘤治疗后随诊检查
813,Targeted therapy for malignant tumor abdominal cavity tumor,"恶性肿瘤靶向治疗,腹腔肿瘤"
814,Benign thyroid tumor,甲状腺良性肿瘤
815,Benign craniopharyngioma craniopharyngioma,"颅咽管良性肿瘤,颅咽管肿瘤"
816,Malignant tumor of the rectum and anus,直肠肛管恶性肿瘤
817,Peritoneal tumor,腹膜肿瘤
818,Liver tumor,肝肿瘤
819,Malignant tumor of the lymphatic vessels,淋巴管恶性肿瘤
820,Joint tumor,关节肿瘤
821,Malignant tumor of the stomach body,胃体恶性肿瘤
822,Malignant tumor of the larynx,喉恶性肿瘤
823,Malignant tumor of the hepatic flexure of the colon,结肠肝曲恶性肿瘤
824,Benign neck tumor,颈部良性肿瘤
825,Benign kidney tumor,肾良性肿瘤
826,Lung tumor,肺肿瘤
827,Pelvic bone tumor,盆骨肿瘤
828,Malignant tumor of the pericardium,心包恶性肿瘤
829,Malignant tumor of the abdominal cavity,腹腔恶性肿瘤
830,Mesenteric tumor,肠系膜肿瘤
831,Malignant tumor of the gums,牙龈恶性肿瘤
832,Benign tumor of the sellar region,鞍区良性肿瘤
833,Malignant pancreatic neuroendocrine tumor,胰腺内分泌恶性肿瘤
834,Benign liver tumor,肝良性肿瘤
835,Tracheal tumor,气管肿瘤
836,Malignant gastric tumor,胃恶性肿瘤
837,Special screening for prostate tumor,前列腺肿瘤特殊筛查
838,Orbital-cranial communicating tumor,眶颅沟通性肿瘤
839,Benign orbital-cranial-nasal communicating tumor,眶颅鼻沟通性良性肿瘤
840,Laryngeal tumor,喉肿瘤
841,Fallopian tube tumor,输卵管肿瘤
842,Benign acoustic neuroma,听神经良性肿瘤
843,Malignant colon tumor,结肠恶性肿瘤
844,Targeted therapy for malignant tumor abnormal tumor markers,"恶性肿瘤靶向治疗,肿瘤标志物异常"
845,Parotid gland tumor,腮腺肿瘤
846,Liver tumor (right hepatic mucinous cystadenoma),肝肿瘤(右肝粘液性囊腺瘤)
847,Benign tumor of the cecum,盲肠良性肿瘤
848,Benign parathyroid tumor,甲状旁腺良性肿瘤
849,Rib tumor,肋骨肿瘤
850,Rectal tumor,直肠肿瘤
851,Benign tumor of the epiglottis,会厌良性肿瘤
852,Malignant sacral tumor,骶骨恶性肿瘤
853,Malignant urachus tumor,脐尿管恶性肿瘤
854,Spleen tumor,脾肿瘤
855,Benign spinal nerve tumor,脊神经良性肿瘤
856,Prostate tumor,前列腺肿瘤
857,Pancreatic space-occupying lesion possible malignant pancreatic tumor,胰腺占位性病变，胰腺恶性肿瘤？
858,Bone tumor of the upper limb,上肢骨肿瘤
859,Benign tumor of the descending colon malignant tumor of the sigmoid colon benign tumor of the sigmoid colon,"降结肠良性肿瘤,乙状结肠恶性肿瘤,乙状结肠良性肿瘤"
860,Benign submandibular gland tumor,颌下腺良性肿瘤
861,Secondary malignant tumor of the spinal cord,脊髓继发恶性肿瘤
862,Thyroid tumor,甲状腺肿瘤
863,Malignant tumor at the esophagogastric junction,食管贲门连接处恶性肿瘤
864,Benign craniopharyngioma,颅咽管良性肿瘤
865,Benign spinal cord tumor,脊髓良性肿瘤
866,Esophageal tumor,食管肿瘤
867,Malignant spinal cord tumor,脊髓恶性肿瘤
868,Malignant tumor at the esophagogastric junction,食管胃连接处恶性肿瘤
869,Malignant brain tumor,大脑恶性肿瘤
870,Chemotherapy for malignant tumor malignant tumor of the appendix,"恶性肿瘤化疗,阑尾恶性肿瘤"
871,Secondary malignant tumor of the cardia,贲门继发恶性肿瘤
872,Benign ethmoid bone tumor,筛骨良性肿瘤
873,Malignant tumor of the remnant stomach abnormal tumor markers,"残胃恶性肿瘤,肿瘤标志物异常"
874,Medulla tumor,延髓肿瘤
875,Secondary malignant lung tumor,肺继发恶性肿瘤
876,Malignant mediastinal tumor,纵隔恶性肿瘤
877,Chemotherapy for malignant tumor thoracic cavity tumor,"恶性肿瘤化疗,胸腔肿瘤"
878,Ileal tumor,回肠肿瘤
879,Chemotherapy for malignant tumor postoperative radiotherapy for malignant tumor postoperative chemotherapy for malignant tumor,"恶性肿瘤化疗,恶性肿瘤术后放疗,恶性肿瘤术后化疗"
880,Malignant facial tumor,面部恶性肿瘤
881,Tumor of the sacrococcygeal region,骶尾部肿瘤
882,Secondary malignant mesenteric tumor targeted therapy for malignant tumor secondary malignant lung tumor secondary retroperitoneal malignant tumor secondary malignant tumor of the adnexa secondary malignant liver tumor postoperative status,"肠系膜继发恶性肿瘤,恶性肿瘤靶向治疗,肺继发恶性肿瘤,腹膜后继发恶性肿瘤,附件继发恶性肿瘤,肝继发恶性肿瘤,手术后状态"
883,Malignant foot tumor,足恶性肿瘤
884,Ampullary tumor abnormal tumor markers,"壶腹部肿瘤,肿瘤标志物异常"
885,Benign spinal tumor,脊柱良性肿瘤
886,Chemotherapy for malignant tumor secondary anemia,"恶性肿瘤化疗,继发性贫血"
887,Paraneoplastic syndrome malignant thyroid tumor,"副肿瘤综合征,甲状腺恶性肿瘤"
888,Chemotherapy for malignant tumor renal space-occupying lesion,"恶性肿瘤化疗,肾占位性病变"
889,Perianal skin tumor,肛周皮肤肿瘤
890,Secondary malignant tumor of the abdominal lymph nodes malignant tumor of the intrahepatic bile ducts,"腹腔淋巴结继发恶性肿瘤,肝内胆管恶性肿瘤"
891,Special screening for prostate tumor abnormal tumor markers,"前列腺肿瘤特殊筛查,肿瘤标志物异常"
892,Pathological fracture due to tumor,肿瘤性病理性骨折
893,Chemotherapy for malignant tumor malignant cheek tumor,"恶性肿瘤化疗,颊恶性肿瘤"
894,Malignant tumor of the colon malignant tumor of the rectum,"结肠恶性肿瘤,直肠恶性肿瘤"
895,Paraneoplastic pemphigus,副肿瘤性天疱疮
896,Benign heart tumor,心脏良性肿瘤
897,Malignant tumor of the nasopharynx,鼻咽恶性肿瘤
898,Malignant tumor of the gastric fundus,胃底恶性肿瘤
899,Chemotherapy for malignant tumor malignant lung tumor,"恶性肿瘤化疗,肺恶性肿瘤"
900,Pleural tumor,胸膜肿瘤
901,Secondary malignant tumor of the diaphragm,膈肌继发性恶性肿瘤
902,Lip tumor,唇肿瘤
903,Secondary malignant tumor of retroperitoneal lymph nodes secondary malignant tumor of abdominal lymph nodes,"腹膜后淋巴结继发恶性肿瘤,腹腔淋巴结继发恶性肿瘤"
904,Secondary malignant tumor of the subclavian lymph nodes,锁骨下淋巴结继发恶性肿瘤
905,Cervical tumor,子宫颈肿瘤
906,Benign tumor of the transverse colon benign tumor of the esophagus,"横结肠良性肿瘤,食管良性肿瘤"
907,Penile tumor,阴茎肿瘤
908,Targeted therapy for malignant tumor malignant pericardial tumor,"恶性肿瘤靶向治疗,心包恶性肿瘤"
909,Malignant tumor of the extrahepatic bile ducts,肝外胆管恶性肿瘤
910,Post-radiotherapy for malignant tumor chemotherapy for malignant tumor,"恶性肿瘤放疗后,恶性肿瘤化疗"
911,Radiotherapy for malignant tumor malignant tumor of the oropharynx,"恶性肿瘤放疗,口咽恶性肿瘤"
912,Malignant tumor of the sigmoid colon and rectum,乙状结肠直肠恶性肿瘤
913,Heart tumor,心脏肿瘤
914,Malignant tumor of the endocrine glands,内分泌腺恶性肿瘤
915,Malignant tumor of the mandible,下颌骨恶性肿瘤
916,Secondary malignant tumor of the pancreas,胰腺继发恶性肿瘤
917,Malignant tumor of the ileum,回肠恶性肿瘤
918,Abnormal tumor markers (elevated cytokeratin 19 fragments CA72-4),肿瘤标志物异常(细胞角蛋白19片段、CA72-4升高)
919,Malignant tumor of the ulna,尺骨恶性肿瘤
920,Malignant intracranial tumor malignant intracranial tumor,"颅内恶性肿瘤,颅内恶性肿瘤"
921,Myelodysplastic syndrome/myeloproliferative neoplasm (MDS/MPN),骨髓增生异常综合征/骨髓增殖性肿瘤(MDS/MPN)
922,Chemotherapy for malignant tumor malignant tumor of the ileocecal region,"恶性肿瘤化疗,回盲部恶性肿瘤"
923,Malignant pineal tumor,松果体恶性肿瘤
924,Malignant parathyroid tumor,甲状旁腺恶性肿瘤
925,Malignant tumor of connective tissue and soft tissue,结缔组织和软组织恶性肿瘤
926,Chemotherapy for malignant tumor malignant esophageal tumor tumor immunotherapy,"恶性肿瘤化疗,食管恶性肿瘤,肿瘤免疫治疗"
927,Malignant tumor of the nasal skin,鼻部皮肤恶性肿瘤
928,Liver metastasis,肝转移癌
929,Benign tumor of the frontal lobe,额叶良性肿瘤
930,Bladder malignant tumor invasion? malignant tumor of the sigmoid colon malignant tumor of the rectum,"膀胱恶性肿瘤，侵犯？,乙状结肠恶性肿瘤,直肠恶性肿瘤"
931,Malignant tumor of the abdominal connective tissue and soft tissue,腹部结缔组织和软组织恶性肿瘤
932,Malignant tumor of the groin,腹股沟恶性肿瘤
933,Post-chemotherapy for malignant tumor malignant tongue tumor,"恶性肿瘤化疗后,舌恶性肿瘤"
934,Chemotherapy for malignant tumor secondary malignant lung tumor,"恶性肿瘤化疗,肺继发恶性肿瘤"
935,Malignant tumor of the oropharynx postoperative status,"口咽恶性肿瘤,手术后状态"
936,Lower limb tumor,下肢肿瘤
937,Postoperative radiotherapy for malignant tumor malignant testicular tumor,"恶性肿瘤术后放疗,睾丸恶性肿瘤"
938,Malignant tumor of the atrium,心房恶性肿瘤
939,Benign cranial tumor,颅骨良性肿瘤
940,Malignant tumor of the splenic flexure of the colon abnormal tumor markers,"结肠脾曲恶性肿瘤,肿瘤标志物异常"
941,Malignant tumor of the renal pelvis and ureter,肾盂输尿管恶性肿瘤
942,Benign tibial tumor,胫骨良性肿瘤
943,Secondary malignant tumor of the bile ducts,胆管继发恶性肿瘤
944,Benign tumor of the cerebellar vermis,小脑蚓部良性肿瘤
945,Malignant tumor of the temporal lobe,颞叶恶性肿瘤
946,Abnormal tumor markers,肿瘤标志物异常
947,Malignant tumor of the small intestine benign rectal tumor,"小肠恶性肿瘤,直肠良性肿瘤"
948,Benign nasopharyngeal tumor,鼻咽良性肿瘤
949,Post-radiotherapy and chemotherapy for tumor,肿瘤放化疗后
950,Tumor of the sigmoid colon rectal tumor,"乙状结肠肿瘤,直肠肿瘤"
951,Benign tumor of the descending colon benign tumor of the sigmoid colon benign tumor of the rectum,"降结肠良性肿瘤,乙状结肠良性肿瘤,直肠良性肿瘤"
952,Malignant tumor of the gallbladder secondary malignant tumor of the pancreas,"胆囊恶性肿瘤,胰腺继发恶性肿瘤"
953,Benign thalamic tumor,丘脑良性肿瘤
954,Benign mediastinal tumor,纵隔良性肿瘤
955,Targeted therapy for malignant tumor chemotherapy for malignant tumor secondary malignant vaginal tumor tumor immunotherapy,"恶性肿瘤靶向治疗,恶性肿瘤化疗,阴道继发恶性肿瘤,肿瘤免疫治疗"
956,Malignant tumor of the inferior vena cava,下腔静脉恶性肿瘤
957,Malignant tumor of the facial skin,面部皮肤恶性肿瘤
958,Chemotherapy for malignant tumor malignant pericardial tumor,"恶性肿瘤化疗,心包恶性肿瘤"
959,Benign tumor of the cauda equina,马尾良性肿瘤
960,Malignant ovarian tumor nature of pelvic mass to be determined,"卵巢恶性肿瘤,盆腔包块性质待定"
961,Malignant adrenal tumor,肾上腺恶性肿瘤
962,Benign tumor of the cardia,贲门良性肿瘤
963,Secondary malignant pleural tumor,胸膜继发恶性肿瘤
964,Malignant tumor of the thigh skin,大腿皮肤恶性肿瘤
965,Lung cancer,肺癌
966,Benign tumor of the glans penis,龟头良性肿瘤
967,Chemotherapy for malignant tumor follow-up examination after malignant tumor treatment,"恶性肿瘤化疗,恶性肿瘤治疗后随诊检查"
968,,
969,Malignant tumor of the remnant stomach malignant tumor of the pancreas,"残胃恶性肿瘤,胰腺恶性肿瘤"
970,Oral tumor,口腔肿瘤
971,Malignant tumor of the laryngopharynx,喉咽恶性肿瘤
972,Chemotherapy for malignant tumor malignant pericardial tumor tumor immunotherapy,"恶性肿瘤化疗,心包恶性肿瘤,肿瘤免疫治疗"
973,Benign tumor of the parietal bone,顶骨良性肿瘤
974,Malignant tumor of the cerebellum,小脑恶性肿瘤
975,Chemotherapy for malignant bone tumor malignant tumor of the tibia,"骨恶性肿瘤化疗,胫骨恶性肿瘤"
976,Secondary malignant tumor of the lymphatic vessels,淋巴管继发恶性肿瘤
977,Benign tumor of the fourth ventricle,第四脑室良性肿瘤
978,Secondary malignant tumor of the axillary lymph nodes,腋下淋巴结继发恶性肿瘤
979,Ovarian sex cord-stromal tumor,卵巢性索间质细胞肿瘤
980,Malignant tumor of the sigmoid colon abnormal tumor markers (elevated CEA),"乙状结肠恶性肿瘤,肿瘤标志物异常(CEA升高)"
981,Spinal tumor pelvic bone tumor,"脊柱肿瘤,盆骨肿瘤"
982,Secondary malignant tumor of the skull malignant tumor of the scalp skin,"颅骨继发恶性肿瘤,头皮皮肤恶性肿瘤"
983,Malignant tumor of the cardia and gastric fundus,贲门胃底恶性肿瘤
984,Malignant tumor of the bladder malignant tumor of the prostate,"膀胱恶性肿瘤,前列腺恶性肿瘤"
985,Malignant tumor of the temporo-occipital lobe,颞枕叶恶性肿瘤
986,Radiotherapy for malignant tumor chemotherapy for malignant tumor tumor immunotherapy,"恶性肿瘤放疗,恶性肿瘤化疗,肿瘤免疫治疗"
987,Malignant tumor of the choroid,脉络膜恶性肿瘤
988,Tumor of the sigmoid colon abnormal tumor markers,"乙状结肠肿瘤,肿瘤标志物异常"
989,Nasal cavity tumor,鼻腔肿瘤
990,Benign pharyngeal tumor,咽良性肿瘤
991,Benign tumor of the occipital bone,枕骨良性肿瘤
992,Malignant tumor of the skull,颅骨恶性肿瘤
993,Malignant tumor of the olfactory nerve,嗅神经恶性肿瘤
994,Tumor immunotherapy intraspinal tumor,"肿瘤免疫治疗,椎管内肿瘤"
995,Targeted therapy for malignant tumor radiotherapy for malignant tumor chemotherapy for malignant tumor malignant tumor of the pancreas,"恶性肿瘤靶向治疗,恶性肿瘤放疗,恶性肿瘤化疗,胰腺恶性肿瘤"
996,Malignant tumor of the bile ducts gallbladder tumor,"胆管恶性肿瘤,胆囊肿瘤"
997,Targeted therapy for malignant tumor malignant liver tumor,"恶性肿瘤靶向治疗,肝恶性肿瘤"
998,Secondary malignant gastric tumor,胃继发恶性肿瘤
999,Radiotherapy for malignant tumor malignant liver tumor,"恶性肿瘤放疗,肝恶性肿瘤"
1000,Radiotherapy for malignant tumor malignant pleural tumor,"恶性肿瘤放疗,胸膜恶性肿瘤"
1001,Secondary malignant liver tumor malignant pancreatic tumor,"肝继发恶性肿瘤,胰腺恶性肿瘤"
1002,Malignant tumor of the gastric fundus abnormal tumor markers,"胃底恶性肿瘤,肿瘤标志物异常"
1003,Benign lip tumor,唇良性肿瘤
1004,Sacral tumor,骶骨肿瘤
1005,Benign tumor of the vagus nerve,迷走神经良性肿瘤
1006,Benign vulvar tumor,外阴良性肿瘤
1007,Targeted therapy for malignant tumor duodenal tumor,"恶性肿瘤靶向治疗,十二指肠肿瘤"
1008,Secondary malignant tumor of the inguinal lymph nodes,腹股沟淋巴结继发恶性肿瘤
1009,Benign tumor of the hypoglossal nerve,舌下神经良性肿瘤
1010,Cecal tumor abnormal tumor markers,"盲肠肿瘤,肿瘤标志物异常"
1011,Benign carotid body tumor,颈动脉体良性肿瘤
1012,Benign choroid plexus tumor,脉络丛良性肿瘤
1013,Malignant tumor of the perirenal area,肾周恶性肿瘤
1014,Malignant tumor of the maxillary sinus,上颌窦恶性肿瘤
1015,Chemotherapy for malignant tumor malignant brain tumor,"恶性肿瘤化疗,脑恶性肿瘤"
1016,Benign tumor of the parapharyngeal space,咽旁间隙良性肿瘤
1017,Targeted therapy for malignant tumor malignant breast tumor,"恶性肿瘤靶向治疗,乳腺恶性肿瘤"
1018,Malignant tumor of the kidney malignant testicular tumor,"肾恶性肿瘤,睾丸恶性肿瘤"
1019,Tumor-related pain,肿瘤性疼痛
1020,Postoperative radiotherapy for malignant tumor malignant brain tumor,"恶性肿瘤术后放疗后,脑恶性肿瘤"
1021,Benign accessory breast tumor,副乳腺良性肿瘤
1022,Post-radiotherapy for malignant tumor malignant brain tumor,"恶性肿瘤放疗后,脑恶性肿瘤"
1023,Benign cheek tumor,颊部良性肿瘤
1024,Benign brain tumor,大脑良性肿瘤
1025,Post-bladder tumor resection,膀胱肿瘤电切术后
1026,Targeted therapy for malignant tumor post-radiotherapy for malignant tumor malignant brain tumor,"恶性肿瘤靶向治疗,恶性肿瘤放疗后,脑恶性肿瘤"
1027,Tumor of the parietal lobe,顶叶肿瘤
1028,Malignant tumor of the maxilla,上颌骨恶性肿瘤
1029,Targeted therapy for malignant tumor malignant tumor of the brainstem,"恶性肿瘤靶向治疗,脑干恶性肿瘤"
1030,Targeted therapy for malignant tumor post-radiotherapy for malignant tumor,"恶性肿瘤靶向治疗,恶性肿瘤放疗后"
1031,Chemotherapy for malignant tumor paraneoplastic syndrome,"恶性肿瘤化疗,副肿瘤综合征"
1032,Targeted therapy for malignant tumor post-radiotherapy for malignant tumor,"恶性肿瘤靶向治疗,恶性肿瘤术后放疗后"
1033,Positive paraneoplastic antibodies,副肿瘤抗体阳性
1034,Ovarian tumor breast tumor,"卵巢肿瘤,乳腺肿瘤"
1035,Temporal lobe tumor,颞叶肿瘤
1036,Benign tumor of the maxilla,上颌骨良性肿瘤
1037,Malignant tumor of the cecum,盲肠恶性肿瘤
1038,Retroperitoneal malignant tumor abnormal tumor markers,"腹膜后恶性肿瘤,肿瘤标志物异常"
1039,Malignant thyroid tumor malignant thyroid tumor,"甲状腺恶性肿瘤,甲状腺恶性肿瘤"
1040,Endocrine gland tumor,内分泌腺肿瘤
1041,Malignant tumor of the meibomian gland,睑板腺恶性肿瘤
1042,Benign tumor of the tonsillar fossa,扁桃体窝良性肿瘤
1043,Malignant tumor of the scrotum,阴囊恶性肿瘤
1044,Secondary malignant tumor of the bladder targeted therapy for malignant tumor,"膀胱继发恶性肿瘤,恶性肿瘤靶向治疗"
1045,Malignant tumor of the upper gingiva,上牙龈恶性肿瘤
1046,Bronchial tumor,支气管肿瘤
1047,Malignant tumor of the rib,肋骨恶性肿瘤
1048,Benign tumor of the abdominal cavity,腹腔良性肿瘤
1049,Malignant tumor of the nasal sinus,鼻窦恶性肿瘤
1050,Malignant tumor of the endometrium,子宫内膜恶性肿瘤
1051,Tumor of the upper limb,上肢肿瘤
1052,Targeted therapy for malignant tumor post-chemotherapy,"恶性肿瘤靶向治疗,恶性肿瘤化疗后"
1053,Targeted therapy for malignant tumor chemotherapy for malignant tumor malignant pericardial tumor,"恶性肿瘤靶向治疗,恶性肿瘤化疗,心包恶性肿瘤"
1054,Benign connective tissue tumor of the buttocks,臀部结缔组织良性肿瘤
1055,Postoperative chemotherapy for malignant tumor abnormal tumor markers,"恶性肿瘤术后化疗后,肿瘤标志物异常"
1056,Malignant tumor of the bladder post-bladder tumor resection,"膀胱恶性肿瘤,膀胱肿瘤电切术后"
1057,Targeted therapy for malignant tumor malignant tumor of the sigmoid colon,"恶性肿瘤靶向治疗,乙状结肠恶性肿瘤"
1058,Postoperative chemotherapy for tumor,肿瘤术后化疗后
1059,Uterine tumor,子宫肿瘤
1060,Groin tumor,腹股沟肿瘤
1061,Targeted therapy for malignant tumor radiotherapy for malignant tumor tumor immunotherapy,"恶性肿瘤靶向治疗,恶性肿瘤放疗,肿瘤免疫治疗"
1062,Malignant tumor of the remnant stomach post-chemotherapy,"残胃恶性肿瘤,恶性肿瘤化疗后"
1063,Targeted therapy for malignant tumor malignant tumor of the duodenum abnormal tumor markers,"恶性肿瘤靶向治疗,十二指肠恶性肿瘤,肿瘤标志物异常"
1064,Malignant tumor of the bladder bladder tumor,"膀胱恶性肿瘤,膀胱肿瘤"
1065,Targeted therapy for malignant tumor chemotherapy for malignant tumor malignant tumor of the esophagus,"恶性肿瘤靶向治疗,恶性肿瘤化疗,食管恶性肿瘤"
1066,Radiotherapy for malignant tumor malignant lung tumor,"恶性肿瘤放疗,肺恶性肿瘤"
1067,Benign tumor of the temporal lobe,颞叶良性肿瘤
1068,Postoperative radiotherapy and chemotherapy for tumor,肿瘤术后放化疗后
1069,Secondary malignant tumor of the bladder,膀胱继发恶性肿瘤
1070,Malignant tumor of the anal canal,肛管恶性肿瘤
1071,Pregnancy complicated by uterine tumor,妊娠合并子宫体肿瘤
1072,Paraganglioma,副神经节肿瘤
1073,Chemotherapy for malignant tumor malignant tumor of the renal pelvis,"恶性肿瘤化疗,肾盂恶性肿瘤"
1074,Benign tumor of the facial skin,面部皮肤良性肿瘤
1075,Secondary malignant brain tumor,脑继发恶性肿瘤
1076,Benign bone tumor,骨良性肿瘤
1077,Spinal cord tumor,脊髓肿瘤
1078,Malignant connective tissue tumor of the pelvis,盆腔结缔组织恶性肿瘤
1079,Radiotherapy for malignant tumor malignant tumor of the parotid gland,"恶性肿瘤放疗,腮腺恶性肿瘤"
1080,Paraneoplastic syndrome spinal cord lesion,"副肿瘤综合征,脊髓病变"
1081,Malignant tumor of the urethra,尿道恶性肿瘤
1082,Malignant tumor of the cervix,宫颈恶性肿瘤
1083,Radiotherapy for malignant tumor chemotherapy for malignant tumor malignant tumor of the spinal cord,"恶性肿瘤放疗,恶性肿瘤化疗,脊髓恶性肿瘤"
1084,Malignant tumor of the descending colon,降结肠恶性肿瘤
1085,Malignant tumor of the remnant stomach,残胃恶性肿瘤
1086,Brainstem tumor,脑干肿瘤
1087,Malignant tumor of the central nervous system,中枢神经系统恶性肿瘤
1088,Secondary malignant tumor of the adnexa,附件继发恶性肿瘤
1089,Benign tumor of the retroperitoneum benign pancreatic tumor,"腹膜后良性肿瘤,胰良性肿瘤"
1090,Malignant tumor of the nasal cavity (?),鼻腔恶性肿瘤(?)
1091,Malignant tumor of lymphoid hematopoietic and related tissue,淋巴造血和有关组织恶性肿瘤
1092,Secondary malignant bone tumor secondary malignant tumor of the lymph nodes malignant tumor of the sigmoid colon,"骨继发恶性肿瘤,淋巴结继发恶性肿瘤,乙状结肠恶性肿瘤"
1093,Malignant tumor of the fourth ventricle,第四脑室恶性肿瘤
1094,Benign tumor of the third ventricle,第三脑室良性肿瘤
1095,Benign tumor of the trunk,躯干部良性肿瘤
1096,Benign tumor of the main bronchus,主支气管良性肿瘤
1097,Benign tumor of the skull base benign tumor of the skull base,"颅底良性肿瘤,颅底良性肿瘤"
1098,Targeted therapy for malignant tumor malignant tumor of the rectum,"恶性肿瘤靶向治疗,直肠恶性肿瘤"
1099,Breast tumor (left) left,"乳腺肿瘤(左),左"
1100,Malignant tumor of the anal canal malignant tumor of the rectum,"肛管恶性肿瘤,直肠恶性肿瘤"
1101,Retroperitoneal tumor malignant tumor of the gastric fundus,"腹膜后肿瘤,胃底恶性肿瘤"
1102,Benign tumor of the temporal bone,颞骨良性肿瘤
1103,Malignant tumor of the scalp skin,头皮皮肤恶性肿瘤
1104,Post-chemotherapy for malignant tumor malignant cheek tumor,"恶性肿瘤化疗后,颊恶性肿瘤"
1105,Benign orbital bone tumor,眶骨良性肿瘤
1106,Targeted therapy for malignant tumor postoperative chemotherapy for malignant tumor tumor immunotherapy,"恶性肿瘤靶向治疗,恶性肿瘤术后化疗,肿瘤免疫治疗"
1107,Malignant tumor of the gastrointestinal tract,胃肠道恶性肿瘤
1108,Post-chemotherapy for tumor,肿瘤化疗后
1109,Special screening for breast tumor,乳房肿瘤特殊筛选检查
1110,Secondary malignant tumor of the colon abnormal tumor markers,"结肠继发恶性肿瘤,肿瘤标志物异常"
1111,Aortic body tumor,主动脉体肿瘤
1112,Autonomic nerve tumor of the head face and neck,头面颈部自主神经肿瘤
1113,Malignant tumor of the parapharyngeal space,咽旁间隙恶性肿瘤
1114,Jejunal tumor,空肠肿瘤
1115,Radiotherapy for malignant tumor malignant tumor of the brainstem,"恶性肿瘤放疗,脑干恶性肿瘤"
1116,Chemotherapy for malignant tumor malignant pelvic tumor,"恶性肿瘤化疗,盆腔恶性肿瘤"
1117,Trunk tumor,躯干肿瘤
1118,Radiotherapy for malignant tumor malignant tumor of the oral cavity,"恶性肿瘤放疗,口腔恶性肿瘤"
1119,Tumor of the parapharyngeal space,咽旁间隙肿瘤
1120,Targeted therapy for malignant tumor malignant heart tumor,"恶性肿瘤靶向治疗,心脏恶性肿瘤"
1121,Malignant tumor of the brainstem,脑干恶性肿瘤
1122,Secondary malignant tumor of the lymphatic vessels malignant pericardial tumor,"淋巴管继发恶性肿瘤,心包恶性肿瘤"
1123,Benign tumor of the brainstem,脑干良性肿瘤
1124,Post-radiotherapy and chemotherapy for malignant tumor postoperative status,"恶性肿瘤放化疗后,手术后状态"
1125,Malignant tumor at the esophagogastric junction tumor immunotherapy,"食管贲门连接处恶性肿瘤,肿瘤免疫治疗"
1126,Radiotherapy for malignant tumor malignant tumor of the thymus,"恶性肿瘤放疗,胸腺恶性肿瘤"
1127,Malignant pelvic bone tumor,盆骨恶性肿瘤
1128,Malignant tumor of the frontal lobe,额叶恶性肿瘤
1129,Epiglottic tumor,会厌肿瘤
1130,Benign tumor of the facial nerve,面神经良性肿瘤
1131,Radiotherapy for cervical cancer,宫颈癌放疗
1132,Benign tumor of the neck skin,颈部皮肤良性肿瘤
1133,Targeted therapy for malignant tumor chemotherapy for malignant tumor malignant tumor of the tongue,"恶性肿瘤靶向治疗,恶性肿瘤化疗,舌恶性肿瘤"
1134,Benign tumor of the choroid,脉络膜良性肿瘤
1135,Ovarian epithelial tumor,卵巢上皮性肿瘤
1136,Targeted therapy for malignant tumor cervical cancer,"恶性肿瘤靶向治疗,宫颈癌"
1137,Malignant tumor of the gastric fundus and body,胃底胃体恶性肿瘤
1138,Post-chemotherapy for malignant tumor malignant tumor of the sigmoid colon abnormal tumor markers,"恶性肿瘤化疗后,乙状结肠恶性肿瘤,肿瘤标志物异常"
1139,Chemotherapy for malignant tumor malignant tumor at the esophagogastric junction,"恶性肿瘤化疗,食管贲门连接处恶性肿瘤"
